,ID,Price,Levy,Manufacturer,Model,Prod. year,Category,Leather interior,Fuel type,Engine volume,Mileage,Cylinders,Gear box type,Drive wheels,Doors,Wheel,Color,Airbags
47,45732544,69447.982,1017,HYUNDAI,SANTA FE,2017,Jeep,Yes,Diesel,2,100734,4.0,Automatic,Front,04-May,Left wheel,Black,4
72,45797480,55107.0176,1249,HYUNDAI,H1,2017,Universal,Yes,Diesel,2.5,111643,4.0,Automatic,Front,04-May,Left wheel,Grey,4
111,45808992,107266.3514,1156,FORD,EXPLORER,2017,Jeep,Yes,Petrol,2.3,100567,4.0,Automatic,Front,04-May,Left wheel,Black,4
140,45770233,28310.804,1017,MERCEDES-BENZ,E 300,2017,Sedan,Yes,Petrol,2,50930,4.0,Automatic,Rear,04-May,Left wheel,Black,12
232,45804644,68354.6684,831,HYUNDAI,TUCSON,2017,Jeep,Yes,Petrol,1.6,40193,4.0,Automatic,Front,04-May,Left wheel,Black,4
246,45770019,53475.8238,1017,MERCEDES-BENZ,GLA 250,2017,Jeep,Yes,Petrol,2,44995,4.0,Automatic,4x4,04-May,Left wheel,Black,0
251,45797238,36246.1042,831,HYUNDAI,ELANTRA,2017,Sedan,Yes,Diesel,1.6,98000,4.0,Automatic,Front,04-May,Left wheel,White,4
262,45765365,61733.3506,1342,TOYOTA,TACOMA,2017,Jeep,Yes,Petrol,2.7,94262,4.0,Automatic,Rear,04-May,Left wheel,White,12
271,45730558,49100.0618,831,SSANGYONG,ACTYON,2017,Jeep,Yes,Diesel,1.6,73000,4.0,Automatic,Front,04-May,Left wheel,White,4
276,44810053,25558.713,738,CHEVROLET,CRUZE,2017,Sedan,No,Petrol,1.4 Turbo,42000,4.0,Tiptronic,Front,>5,Left wheel,Black,12
278,45804880,62511.9604,1077,HYUNDAI,TUCSON,2019,Jeep,Yes,Diesel,2,48000,4.0,Automatic,Front,04-May,Left wheel,White,4
283,45804856,64037.835,1017,HYUNDAI,TUCSON,2017,Jeep,Yes,Diesel,2,40800,4.0,Automatic,Front,04-May,Left wheel,White,4
398,45804403,51116.1722,1249,TOYOTA,RAV 4 S P O R T,2017,Jeep,No,Petrol,2.5,76000,4.0,Tiptronic,4x4,04-May,Left wheel,Black,12
450,45733413,64225.905,1017,HYUNDAI,SONATA,2017,Sedan,Yes,Petrol,2,58414,4.0,Automatic,Front,04-May,Left wheel,Silver,4
474,45797535,46173.6926,1249,HYUNDAI,H1,2017,Universal,Yes,Diesel,2.5,137000,4.0,Automatic,Front,04-May,Left wheel,White,4
535,45805172,44597.666,877,HYUNDAI,TUCSON,2017,Jeep,Yes,Diesel,1.7,97880,4.0,Automatic,Front,04-May,Left wheel,White,4
566,45768672,11992.597,784,HONDA,CIVIC,2017,Sedan,Yes,Petrol,1.5,58282,4.0,Automatic,Front,04-May,Left wheel,White,12
623,45805158,42261.8366,877,HYUNDAI,TUCSON,2017,Jeep,Yes,Diesel,1.7,143544,4.0,Automatic,Front,04-May,Left wheel,White,4
642,45791126,58981.2596,1017,AUDI,Q5,2017,Jeep,Yes,Petrol,2,75186,4.0,Automatic,4x4,04-May,Left wheel,Black,0
699,45386880,48757.7744,1249,TOYOTA,RAV 4,2017,Jeep,No,Petrol,2.5,50000,4.0,Automatic,4x4,04-May,Left wheel,Grey,10
722,45761247,32636.414,382,CHEVROLET,VOLT,2017,Hatchback,Yes,Hybrid,1.5,52062,4.0,Automatic,Front,04-May,Left wheel,Blue,0
795,45809279,9043.6594,1946,NISSAN,FRONTIER,2017,Sedan,Yes,Petrol,4,81757,6.0,Automatic,Rear,04-May,Left wheel,Red,12
817,45751858,11992.597,924,HONDA,HR-V,2017,Jeep,Yes,Petrol,1.8,94339,4.0,Automatic,4x4,04-May,Left wheel,White,12
849,45733441,60903.335,1017,HYUNDAI,SONATA,2017,Sedan,Yes,Petrol,2,64652,4.0,Automatic,Front,04-May,Left wheel,Black,4
1027,45038100,165145.5208,-,TOYOTA,LAND CRUISER PRADO,2018,Jeep,Yes,Diesel,3.0 Turbo,59826,4.0,Automatic,4x4,04-May,Left wheel,Black,12
1087,45816011,13958.555400000001,1079,HYUNDAI,ELANTRA,2018,Sedan,Yes,Petrol,2,40122,4.0,Automatic,Front,04-May,Left wheel,Grey,12
1162,45808887,94235.60800000001,1156,FORD,EXPLORER,2017,Jeep,Yes,Petrol,2.3,66901,4.0,Automatic,Front,04-May,Left wheel,Blue,4
1176,45649077,49150.2138,1714,MERCEDES-BENZ,GLE 350,2017,Jeep,Yes,Petrol,3.5,95541,6.0,Automatic,Rear,04-May,Left wheel,Black,0
1199,45757300,13958.555400000001,1714,TOYOTA,SIENNA,2017,Sedan,Yes,Petrol,3.5,109981,6.0,Automatic,Front,04-May,Left wheel,Silver,12
1218,45733604,92304.75600000001,1079,HYUNDAI,SONATA,2018,Sedan,Yes,Petrol,2,51106,4.0,Automatic,Front,04-May,Left wheel,White,4
1231,45806382,27524.6714,505,MITSUBISHI,OUTLANDER,2018,Jeep,Yes,Hybrid,2,59674,4.0,Automatic,4x4,04-May,Left wheel,Black,12
1289,45730655,38541.812,831,HYUNDAI,ELANTRA,2017,Sedan,Yes,Petrol,1.6,88400,4.0,Automatic,Front,04-May,Left wheel,White,4
1297,45804617,66070.2448,831,HYUNDAI,TUCSON,2017,Jeep,Yes,Petrol,1.6,44844,4.0,Automatic,Front,04-May,Left wheel,Black,4
1299,45733592,84511.1352,1079,HYUNDAI,SONATA,2018,Sedan,Yes,Petrol,2,40808,4.0,Automatic,Front,04-May,Left wheel,Black,4
1336,45730307,42407.2774,831,SSANGYONG,ACTYON,2017,Jeep,Yes,Petrol,1.6,80425,4.0,Automatic,Front,04-May,Left wheel,White,4
1358,45780222,55835.4754,-,TOYOTA,CHR,2017,Jeep,No,Petrol,2,56000,8.0,Tiptronic,Front,04-May,Left wheel,Blue,0
1383,45809986,77072.3398,784,HONDA,CIVIC,2017,Hatchback,Yes,Petrol,1.5,41018,4.0,Automatic,Front,04-May,Left wheel,White,4
1405,45816280,21233.103,1481,BMW,X5,2017,Jeep,Yes,Petrol,3,81658,6.0,Automatic,4x4,04-May,Left wheel,White,12
1428,45803102,64603.298800000004,1017,HYUNDAI,SANTA FE,2017,Jeep,Yes,Diesel,2,119986,4.0,Automatic,Front,04-May,Left wheel,Blue,4
1470,45806734,11403.311,2736,DAIHATSU,TERIOS,2017,Sedan,Yes,Petrol,5.7,55765,8.0,Automatic,Rear,04-May,Left wheel,White,12
1493,45813853,8846.8128,481,FORD,FUSION,2017,Sedan,Yes,Hybrid,2,112862,4.0,Automatic,Front,04-May,Left wheel,Blue,12
1596,45781992,30670.4556,738,CHEVROLET,CRUZE,2017,Sedan,Yes,Petrol,1.4 Turbo,70400,4.0,Automatic,Front,04-May,Left wheel,Black,0
1602,45816087,13958.555400000001,1277,HYUNDAI,SANTA FE,2018,Sedan,Yes,Petrol,2.4,56150,4.0,Automatic,Front,02-Mar,Left wheel,Blue,12
1673,45769777,70383.3168,1017,MERCEDES-BENZ,E 300,2017,Sedan,Yes,Petrol,2,50963,4.0,Automatic,Rear,04-May,Left wheel,Black,12
1702,45730082,51758.1178,880,SSANGYONG,ACTYON,2018,Jeep,Yes,Petrol,1.6,52349,4.0,Automatic,Front,04-May,Left wheel,White,4
1715,45809610,38749.942800000004,691,HONDA,FIT,2017,Hatchback,Yes,Petrol,1.3,68000,4.0,Automatic,Front,04-May,Left wheel,White,4
1726,45732361,66490.2678,1079,HYUNDAI,SANTA FE,2018,Jeep,Yes,Diesel,2,102934,4.0,Automatic,Front,04-May,Left wheel,White,4
1781,45804250,64513.025200000004,1202,JEEP,CHEROKEE,2017,Jeep,Yes,Petrol,2.4,109478,4.0,Automatic,Front,04-May,Left wheel,Black,4
1832,45732373,67403.0342,1017,HYUNDAI,SANTA FE,2017,Jeep,Yes,Diesel,2,140097,4.0,Automatic,Front,04-May,Left wheel,Blue,4
1867,45804653,47097.743200000004,877,HYUNDAI,TUCSON,2017,Jeep,Yes,Diesel,1.7,202758,4.0,Automatic,Front,04-May,Left wheel,Grey,4
1903,45810496,45383.7986,831,CHEVROLET,ORLANDO,2017,Jeep,Yes,Diesel,1.6,65124,4.0,Automatic,Front,04-May,Left wheel,Grey,4
1909,45402958,47970.388,1327,TOYOTA,CAMRY SE,2018,Sedan,Yes,Petrol,2.5,41068,4.0,Automatic,Front,04-May,Left wheel,Black,10
1915,45798266,33422.5466,-,VOLKSWAGEN,JETTA,2017,Sedan,Yes,Petrol,1.4 Turbo,50000,4.0,Tiptronic,Front,04-May,Left wheel,White,4
1918,45771984,47184.2554,1327,MAZDA,1000,2018,Jeep,Yes,Petrol,2.5,42246,4.0,Automatic,4x4,04-May,Left wheel,Grey,0
1930,45543710,18284.1654,738,CHEVROLET,CRUZE LT,2017,Hatchback,No,Petrol,1.4,62971,4.0,Automatic,Front,04-May,Left wheel,Black,8
1956,45733427,87141.6076,1079,HYUNDAI,SONATA,2018,Sedan,Yes,Petrol,2,75938,4.0,Automatic,Front,04-May,Left wheel,White,4
2010,45751914,67631.2258,87,TESLA,MODEL X,2018,Sedan,Yes,Petrol,0,81907,6.0,Automatic,4x4,04-May,Left wheel,Silver,12
2029,45730764,41286.3802,880,HYUNDAI,ELANTRA,2018,Sedan,Yes,Petrol,1.6,54865,4.0,Automatic,Front,04-May,Left wheel,Grey,4
2085,45809154,73341.031,1017,FORD,TAURUS,2017,Sedan,Yes,Petrol,2,44534,4.0,Automatic,Front,04-May,Left wheel,Black,4
2108,45798237,45639.5738,880,HYUNDAI,ELANTRA,2018,Sedan,Yes,Petrol,1.6,71551,4.0,Automatic,Front,04-May,Left wheel,Grey,4
2130,45768364,23985.194,1869,CADILLAC,ALLANTE,2019,Sedan,Yes,Petrol,3.6,41198,6.0,Automatic,4x4,04-May,Left wheel,Silver,12
2182,45808863,98946.1346,1156,FORD,EXPLORER,2017,Jeep,Yes,Petrol,2.3,111416,4.0,Automatic,Front,04-May,Left wheel,White,4
2287,45806346,34602.3724,1017,HYUNDAI,ELANTRA,2017,Sedan,Yes,Petrol,2,83200,4.0,Tiptronic,Front,04-May,Left wheel,Silver,6
2299,45801471,45308.5706,880,HYUNDAI,ELANTRA,2018,Sedan,Yes,LPG,1.6,47181,4.0,Automatic,Front,04-May,Left wheel,Silver,4
2350,45811319,17890.4722,1481,BMW,X5,2017,Jeep,Yes,Diesel,3,98726,6.0,Automatic,4x4,04-May,Left wheel,White,12
2367,45810959,23592.7546,400,CHEVROLET,VOLT,2018,Sedan,Yes,Hybrid,1.5,70720,4.0,Automatic,Front,04-May,Left wheel,Black,12
2375,45810079,56978.941,1249,CHEVROLET,IMPALA,2017,Sedan,Yes,Petrol,2.5,65496,4.0,Automatic,Front,04-May,Left wheel,Black,4
2394,45646695,12189.4436,609,TOYOTA,CAMRY,2018,Sedan,Yes,Hybrid,2.5,127515,4.0,Automatic,Front,04-May,Left wheel,Black,12
2401,45809537,26687.133,691,HONDA,FIT,2017,Hatchback,Yes,Petrol,1.3,68415,4.0,Automatic,Front,04-May,Left wheel,Black,4
2411,45802813,69621.0064,1017,HYUNDAI,SANTA FE,2017,Jeep,Yes,Diesel,2,84315,4.0,Automatic,Front,04-May,Left wheel,Silver,4
2438,45802823,66644.4852,1017,HYUNDAI,SANTA FE,2017,Jeep,Yes,Diesel,2,105751,4.0,Automatic,Front,04-May,Left wheel,White,4
2480,45796872,44943.7148,1249,HYUNDAI,H1,2017,Universal,Yes,Diesel,2.5,143629,4.0,Automatic,Front,04-May,Left wheel,Black,4
2508,45635049,50330.039600000004,1202,MITSUBISHI,OUTLANDER,2017,Jeep,No,Petrol,2.4,60800,4.0,Variator,4x4,04-May,Left wheel,Grey,12
2534,45804647,73144.1844,831,HYUNDAI,TUCSON,2017,Jeep,Yes,Petrol,1.6,43420,4.0,Automatic,Front,04-May,Left wheel,White,4
2596,45730710,52422.6318,831,SSANGYONG,ACTYON,2017,Jeep,Yes,Diesel,1.6,92627,4.0,Automatic,Front,04-May,Left wheel,Silver,4
2606,45760640,10615.9246,1249,SUBARU,FORESTER,2017,Jeep,Yes,Petrol,2.5,289714,4.0,Automatic,4x4,04-May,Left wheel,Blue,0
2659,45807095,46791.816,1481,MERCEDES-BENZ,GLE 350,2017,Jeep,Yes,Petrol,3,51824,6.0,Automatic,4x4,04-May,Left wheel,White,12
2673,45802294,55107.0176,1249,HYUNDAI,H1,2017,Universal,Yes,Diesel,2.5,111643,4.0,Automatic,Front,04-May,Left wheel,Grey,4
2690,45654459,23199.0614,481,FORD,FUSION,2017,Sedan,Yes,Hybrid,2,75597,4.0,Automatic,Front,04-May,Left wheel,White,12
2695,45645729,12189.4436,609,TOYOTA,CAMRY,2018,Sedan,Yes,Hybrid,2.5,127515,4.0,Automatic,Front,04-May,Left wheel,Black,12
2696,45798216,35011.1112,880,HYUNDAI,ELANTRA,2018,Sedan,Yes,Petrol,1.6,53000,4.0,Automatic,Front,04-May,Left wheel,White,4
2769,45092262,26344.8456,1249,MAZDA,MAZDA 6 TOURING,2017,Sedan,Yes,Petrol,2.5,75492,4.0,Automatic,Front,04-May,Left wheel,Red,8
2785,45732657,21233.103,1017,HYUNDAI,SONATA,2017,Sedan,Yes,LPG,2,227911,4.0,Automatic,Front,04-May,Left wheel,White,4
2791,45756369,11009.6178,1275,HYUNDAI,SANTA FE,2019,Sedan,Yes,Petrol,2.4,46264,4.0,Automatic,Front,02-Mar,Left wheel,Grey,12
2817,44200818,26541.6922,1017,MITSUBISHI,OUTLANDER SE,2017,Jeep,No,Petrol,2,41681,4.0,Automatic,Front,04-May,Left wheel,Blue,8
2838,45730731,52422.6318,831,SSANGYONG,ACTYON,2017,Jeep,Yes,Petrol,1.6,53811,4.0,Automatic,Front,04-May,Left wheel,Grey,4
2948,45815392,28704.4972,738,CHEVROLET,CRUZE,2017,Sedan,No,Petrol,1.4 Turbo,46800,4.0,Automatic,Front,04-May,Left wheel,Black,6
2971,45797159,29687.4764,831,HYUNDAI,ELANTRA,2017,Sedan,Yes,LPG,1.6,110000,4.0,Automatic,Front,04-May,Left wheel,White,4
2993,45797191,32259.0202,831,HYUNDAI,ELANTRA,2017,Sedan,Yes,Petrol,1.6,56378,4.0,Automatic,Front,04-May,Left wheel,Silver,4
2998,45809168,22184.7372,691,HONDA,FIT,2017,Hatchback,Yes,Petrol,1.3,69968,4.0,Automatic,Front,04-May,Left wheel,Blue,4
3004,45813328,40106.5544,1017,LEXUS,NX 200,2017,Jeep,Yes,Petrol,2,54120,4.0,Automatic,4x4,04-May,Left wheel,Grey,12
3023,45815220,20839.4098,1017,MERCEDES-BENZ,E 300,2017,Sedan,Yes,Petrol,2,70880,4.0,Automatic,Rear,04-May,Left wheel,Silver,12
3058,45810498,45344.9308,831,CHEVROLET,ORLANDO,2017,Jeep,Yes,Diesel,1.6,71400,4.0,Automatic,Front,04-May,Left wheel,Silver,4
3067,45801486,37661.6444,880,HYUNDAI,ELANTRA,2018,Sedan,Yes,Diesel,1.6,60000,4.0,Automatic,Front,04-May,Left wheel,White,4
3068,45812778,20446.970400000002,1327,TOYOTA,CAMRY,2018,Sedan,Yes,Petrol,2.5,45371,4.0,Automatic,Front,04-May,Left wheel,Silver,12
3076,45733453,56476.1672,1017,HYUNDAI,SONATA,2017,Sedan,Yes,Petrol,2,95948,4.0,Automatic,Front,04-May,Left wheel,White,4
3100,45769314,28310.804,1017,MERCEDES-BENZ,E 300,2017,Sedan,Yes,Petrol,2,50930,4.0,Automatic,Rear,04-May,Left wheel,Black,12
3117,43642515,22216.0822,1017,HYUNDAI,ELANTRA SE,2017,Sedan,No,Petrol,2,53895,4.0,Automatic,Front,04-May,Left wheel,Silver,8
3181,45776672,22019.2356,1017,HYUNDAI,ELANTRA,2017,Sedan,No,Petrol,2,44000,4.0,Automatic,Front,04-May,Left wheel,Black,6
3285,45809813,39714.115,784,HONDA,CIVIC,2017,Hatchback,Yes,Petrol,1.5,46935,4.0,Automatic,Front,04-May,Left wheel,Black,4
3290,45732040,66644.4852,1017,HYUNDAI,SANTA FE,2017,Jeep,Yes,Diesel,2,105751,4.0,Automatic,Front,04-May,Left wheel,White,4
3319,45733638,70127.5416,1079,HYUNDAI,SONATA,2018,Sedan,Yes,Petrol,2,50310,4.0,Automatic,Front,04-May,Left wheel,Grey,4
3323,44998607,17694.8794,738,CHEVROLET,CRUZE LT,2017,Sedan,No,Petrol,1.4 Turbo,89620,4.0,Automatic,Front,04-May,Left wheel,Sky blue,8
3352,45641230,12189.4436,609,TOYOTA,CAMRY,2018,Sedan,Yes,Hybrid,2.5,127515,4.0,Automatic,Front,04-May,Left wheel,Black,12
3404,45730905,53897.1006,831,SSANGYONG,ACTYON,2017,Jeep,Yes,Petrol,1.6,60013,4.0,Automatic,Front,04-May,Left wheel,White,4
3406,45804822,38506.7056,877,HYUNDAI,TUCSON,2017,Jeep,Yes,Diesel,1.7,50380,4.0,Automatic,Front,04-May,Left wheel,White,4
3409,45798228,41470.6888,880,HYUNDAI,ELANTRA,2018,Sedan,Yes,Petrol,1.6,41523,4.0,Automatic,Front,04-May,Left wheel,Blue,4
3446,45803884,68139.0148,1079,HYUNDAI,TUCSON,2018,Jeep,Yes,Diesel,2,46503,4.0,Automatic,Front,04-May,Left wheel,Grey,4
3458,45416975,31456.588200000002,1202,HYUNDAI,SONATA,2017,Sedan,No,Petrol,2.4,50000,4.0,Tiptronic,Front,04-May,Left wheel,White,10
3477,45809902,63349.4988,1017,HONDA,CIVIC,2017,Sedan,Yes,Petrol,2,41747,4.0,Automatic,Front,04-May,Left wheel,White,4
3533,45793241,27917.110800000002,1016,CHEVROLET,ORLANDO,2017,Jeep,Yes,Petrol,2,48432,4.0,Automatic,Front,04-May,Left wheel,Black,4
3564,45112595,47184.2554,1202,HYUNDAI,SANTA FE,2017,Jeep,No,Petrol,2.4,79309,4.0,Automatic,Front,04-May,Left wheel,Black,7
3602,45730720,55001.6984,880,SSANGYONG,ACTYON,2018,Jeep,Yes,Diesel,1.6,200401,4.0,Automatic,Front,04-May,Left wheel,Blue,4
3606,45806669,22019.2356,2690,INFINITI,QX80,2017,Jeep,Yes,Petrol,5.6,54854,8.0,Automatic,Rear,04-May,Left wheel,Silver,12
3720,45733429,56476.1672,1017,HYUNDAI,SONATA,2017,Sedan,Yes,Petrol,2,87810,4.0,Automatic,Front,04-May,Left wheel,Brown,4
3794,45355506,39320.421800000004,-,FORD,FUSION,2017,Sedan,Yes,Plug-in Hybrid,2,204200,4.0,Automatic,Front,04-May,Left wheel,White,10
3826,45797074,45308.5706,880,HYUNDAI,ELANTRA,2018,Sedan,Yes,LPG,1.6,47181,4.0,Automatic,Front,04-May,Left wheel,Silver,4
3877,45803566,17301.1862,1017,HYUNDAI,SONATA,2017,Sedan,Yes,LPG,2,388986,4.0,Automatic,Front,04-May,Left wheel,Orange,4
3884,45767603,37748.1566,1327,SUBARU,FORESTER,2018,Jeep,No,Petrol,2.5,80000,4.0,Automatic,4x4,04-May,Left wheel,Blue,12
3906,45733708,62377.8038,1017,HYUNDAI,SONATA,2017,Sedan,Yes,Petrol,2,43178,4.0,Automatic,Front,04-May,Left wheel,White,4
3923,45732360,80245.70760000001,1079,HYUNDAI,SANTA FE,2018,Jeep,Yes,Diesel,2,41778,4.0,Automatic,Front,04-May,Left wheel,Blue,4
3940,45803998,70855.9994,930,HYUNDAI,TUCSON,2018,Jeep,Yes,Diesel,1.7,41500,4.0,Automatic,Front,04-May,Left wheel,Black,4
3959,45801501,32620.1146,831,HYUNDAI,ELANTRA,2017,Sedan,Yes,Petrol,1.6,107220,4.0,Automatic,Front,04-May,Left wheel,White,4
3974,45783199,33422.5466,-,KIA,OPTIMA,2017,Sedan,No,Petrol,2.4,140800,4.0,Automatic,Front,04-May,Left wheel,Black,10
4033,45810380,56684.298,1017,CHEVROLET,MALIBU,2017,Sedan,Yes,Petrol,2,93087,4.0,Automatic,Front,04-May,Left wheel,Silver,4
4060,45729941,47440.0306,831,SSANGYONG,ACTYON,2017,Jeep,Yes,Petrol,1.6,72052,4.0,Automatic,Front,04-May,Left wheel,Brown,4
4133,45803082,70855.9994,1079,HYUNDAI,SANTA FE,2018,Jeep,Yes,Diesel,2,61640,4.0,Automatic,Front,04-May,Left wheel,Blue,4
4146,45814860,8846.8128,1249,TOYOTA,RAV 4,2017,Jeep,Yes,Petrol,2.5,47301,4.0,Automatic,Front,04-May,Left wheel,Red,12
4168,45803050,53558.5746,1017,HYUNDAI,SANTA FE,2017,Jeep,Yes,Diesel,2,113697,4.0,Automatic,Front,04-May,Left wheel,Grey,4
4227,45700903,30670.4556,1017,HYUNDAI,ELANTRA,2017,Sedan,No,Petrol,2,60000,4.0,Tiptronic,Front,04-May,Left wheel,White,8
4277,45730566,49472.4404,831,SSANGYONG,ACTYON,2017,Jeep,Yes,Diesel,1.6,72924,4.0,Automatic,Front,04-May,Left wheel,Blue,4
4435,45610598,23592.7546,1017,HYUNDAI,ELANTRA,2017,Sedan,Yes,Petrol,2,105600,4.0,Tiptronic,Front,04-May,Left wheel,White,8
4442,45808474,47577.9486,1575,AUDI,Q7,2018,Jeep,Yes,Petrol,3,49122,6.0,Automatic,4x4,04-May,Left wheel,Silver,12
4454,45733734,60168.6082,1017,HYUNDAI,SONATA,2017,Sedan,Yes,Petrol,2,65659,4.0,Automatic,Front,04-May,Left wheel,Black,4
4501,45648285,12189.4436,609,TOYOTA,CAMRY,2018,Sedan,Yes,Hybrid,2.5,127515,4.0,Automatic,Front,04-May,Left wheel,Black,12
4520,45802687,92422.6132,1077,HYUNDAI,SANTA FE,2019,Jeep,Yes,Diesel,2,43598,4.0,Automatic,Front,04-May,Left wheel,Grey,4
4522,45773905,14155.402,1277,HYUNDAI,SANTA FE,2018,Sedan,Yes,Petrol,2.4,44240,4.0,Automatic,4x4,04-May,Left wheel,White,12
4527,45807585,47577.9486,1481,MERCEDES-BENZ,GLE 350,2017,Jeep,Yes,Petrol,3,51824,6.0,Automatic,4x4,04-May,Left wheel,White,12
4530,45802316,47664.4608,1249,HYUNDAI,H1,2017,Universal,Yes,Diesel,2.5,100900,4.0,Automatic,Front,04-May,Left wheel,Silver,4
4550,45809278,29663.6542,784,HONDA,FIT,2017,Hatchback,Yes,Petrol,1.5,42642,4.0,Automatic,Front,04-May,Left wheel,Silver,4
4578,45764181,61733.3506,1342,TOYOTA,TACOMA,2017,Jeep,Yes,Petrol,2.7,94262,4.0,Automatic,Rear,04-May,Left wheel,White,12
4654,45731754,64592.0146,1249,HYUNDAI,H1,2017,Universal,Yes,Diesel,2.5,44198,4.0,Automatic,Front,04-May,Left wheel,Silver,4
4663,45801892,42096.335,880,HYUNDAI,ELANTRA,2018,Sedan,Yes,Petrol,1.6,53871,4.0,Automatic,Front,04-May,Left wheel,White,4
4688,45733601,91570.0292,1079,HYUNDAI,SONATA,2018,Sedan,Yes,Petrol,2,41895,4.0,Automatic,Front,04-May,Left wheel,White,4
4718,45769485,31452.8268,1249,TOYOTA,CAMRY SE,2017,Sedan,Yes,Petrol,2.5,54000,4.0,Tiptronic,Front,04-May,Left wheel,Black,12
4721,45767025,10223.485200000001,1156,FORD,EXPLORER,2017,Jeep,Yes,Petrol,2.3,87688,4.0,Automatic,Front,04-May,Left wheel,Grey,12
4745,45757582,41286.3802,1202,JEEP,RENEGADE,2017,Jeep,Yes,Petrol,2.4,43200,4.0,Tiptronic,4x4,04-May,Left wheel,Grey,9
4757,45812671,20053.2772,738,CHEVROLET,CRUZE,2017,Sedan,Yes,Petrol,1.4,97189,4.0,Automatic,Front,04-May,Left wheel,Silver,12
4774,45788149,37354.4634,1202,JEEP,RENEGADE,2017,Jeep,Yes,Petrol,2.4,78000,4.0,Tiptronic,4x4,04-May,Left wheel,Red,16
4936,45760024,32636.414,382,CHEVROLET,VOLT,2017,Hatchback,Yes,Hybrid,1.5,52062,4.0,Automatic,Front,04-May,Left wheel,Blue,0
4953,45732603,66070.2448,1017,HYUNDAI,SANTA FE,2017,Jeep,Yes,Diesel,2,107845,4.0,Automatic,Front,04-May,Left wheel,Silver,4
4954,45730640,44220.2722,831,SSANGYONG,ACTYON,2017,Jeep,Yes,Diesel,1.6,77721,4.0,Automatic,Front,04-May,Left wheel,White,4
5004,45759352,16710.6464,1481,AUDI,Q7,2017,Jeep,Yes,Petrol,3,44642,6.0,Automatic,4x4,04-May,Left wheel,Black,0
5024,45669973,39320.421800000004,1249,TOYOTA,CAMRY,2017,Sedan,Yes,Petrol,2.5,55000,6.0,Automatic,Front,04-May,Left wheel,Black,12
5042,43334113,57014.0474,-,TOYOTA,HILUX,2017,Pickup,No,Petrol,2.4,80000,4.0,Manual,4x4,04-May,Left wheel,White,12
5069,45791600,55835.4754,-,MAZDA,MAZDA 6,2017,Sedan,Yes,Petrol,2.5,71500,4.0,Tiptronic,Front,04-May,Left wheel,Black,12
5104,45732542,72003.2264,1017,HYUNDAI,SANTA FE,2017,Jeep,Yes,Diesel,2,73324,4.0,Automatic,Front,04-May,Left wheel,Silver,4
5105,45730097,77135.0298,1110,SSANGYONG,REXTON,2017,Jeep,Yes,Diesel,2.2,65689,4.0,Automatic,Front,04-May,Left wheel,Black,4
5159,45801961,41286.3802,880,HYUNDAI,ELANTRA,2018,Sedan,Yes,Petrol,1.6,54865,4.0,Automatic,Front,04-May,Left wheel,Grey,4
5161,45465063,24378.8872,1079,TOYOTA,CHR,2018,Jeep,Yes,Petrol,2,40272,4.0,Automatic,Front,04-May,Left wheel,Grey,12
5218,45796826,52194.440200000005,1249,HYUNDAI,H1,2017,Universal,Yes,Diesel,2.5,129841,4.0,Automatic,Front,04-May,Left wheel,Black,4
5224,45642369,12189.4436,609,TOYOTA,CAMRY,2018,Sedan,Yes,Hybrid,2.5,127515,4.0,Automatic,Front,04-May,Left wheel,Black,12
5244,45733564,53897.1006,1017,HYUNDAI,SONATA,2017,Sedan,Yes,Petrol,2,85532,4.0,Automatic,Front,04-May,Left wheel,Black,4
5250,45804057,59601.8906,877,HYUNDAI,TUCSON,2017,Jeep,Yes,Diesel,1.7,93720,4.0,Automatic,Front,04-May,Left wheel,White,4
5301,45803080,71272.261,1017,HYUNDAI,SANTA FE,2017,Jeep,Yes,Diesel,2,88000,4.0,Automatic,Front,04-May,Left wheel,Grey,4
5318,45803129,14549.0952,1017,HYUNDAI,SONATA,2017,Sedan,Yes,LPG,2,345316,4.0,Automatic,Front,04-May,Left wheel,Orange,4
5319,45798300,41286.3802,880,HYUNDAI,ELANTRA,2018,Sedan,Yes,Petrol,1.6,54865,4.0,Automatic,Front,04-May,Left wheel,Grey,4
5349,45803033,66687.1144,1079,HYUNDAI,SANTA FE,2018,Jeep,Yes,Diesel,2,47692,4.0,Automatic,Front,04-May,Left wheel,Black,4
5415,45806741,25558.713,1017,HYUNDAI,ELANTRA,2017,Sedan,No,Petrol,2,89000,4.0,Automatic,Front,04-May,Left wheel,Blue,6
5416,45804838,46547.325000000004,1017,HYUNDAI,TUCSON,2017,Jeep,Yes,Diesel,2,169031,4.0,Automatic,Front,04-May,Left wheel,Black,4
5434,45806385,20446.970400000002,1017,FORD,FOCUS,2017,Sedan,No,Petrol,2,48000,4.0,Automatic,Front,04-May,Left wheel,Red,12
5453,45808835,29490.6298,1017,FORD,FOCUS TITANIUM,2017,Sedan,Yes,Petrol,2,100800,4.0,Tiptronic,Front,04-May,Left wheel,White,0
5461,45809227,21001.15,382,HONDA,FIT,2017,Hatchback,Yes,Hybrid,1.5,110050,4.0,Automatic,Front,04-May,Left wheel,White,4
5514,45761458,76674.8852,1481,BMW,X5,2017,Jeep,Yes,Petrol,3.0 Turbo,48000,6.0,Tiptronic,4x4,04-May,Left wheel,Golden,12
5531,45772932,28310.804,1017,MERCEDES-BENZ,E 300,2017,Sedan,Yes,Petrol,2,50930,4.0,Automatic,Rear,04-May,Left wheel,Black,12
5560,45792962,62913.176400000004,1249,TOYOTA,RAV 4,2017,Jeep,Yes,Petrol,2.5,60000,4.0,Automatic,4x4,04-May,Left wheel,Silver,12
5564,45791986,14155.402,831,HONDA,ACCORD,2018,Sedan,Yes,Petrol,1.5,60062,4.0,Automatic,Front,04-May,Left wheel,Black,12
5571,45798238,39596.2578,880,HYUNDAI,ELANTRA,2018,Sedan,Yes,Petrol,1.6,52000,4.0,Automatic,Front,04-May,Left wheel,Red,4
5596,45803052,53558.5746,1017,HYUNDAI,SANTA FE,2017,Jeep,Yes,Diesel,2,72040,4.0,Automatic,Front,04-May,Left wheel,Blue,4
5599,45792133,62913.176400000004,-,TOYOTA,CAMRY,2018,Sedan,Yes,Petrol,2.5,60000,6.0,Tiptronic,Front,04-May,Left wheel,Black,10
5633,45788998,19463.9912,-,KIA,PICANTO,2017,Sedan,No,Petrol,1.2,94000,4.0,Manual,Front,04-May,Left wheel,Silver,1
5641,45668580,60947.218,1327,TOYOTA,RAV 4,2018,Jeep,No,Petrol,2.5,40000,4.0,Tiptronic,4x4,04-May,Left wheel,White,12
5648,45730283,44647.818,831,SSANGYONG,ACTYON,2017,Jeep,Yes,Petrol,1.6,81348,4.0,Automatic,Front,04-May,Left wheel,Silver,4
5652,45757658,14941.5346,1714,FORD,EXPEDITION,2017,Jeep,Yes,Petrol,3.5,130499,6.0,Automatic,Rear,04-May,Left wheel,Black,12
5685,45804051,59185.629,930,HYUNDAI,TUCSON,2018,Jeep,Yes,Diesel,1.7,46764,4.0,Automatic,Front,04-May,Left wheel,Blue,4
5706,45730857,55001.6984,831,SSANGYONG,ACTYON,2017,Jeep,Yes,Diesel,1.6,81665,4.0,Automatic,Front,04-May,Left wheel,Black,4
5748,45641734,12189.4436,609,TOYOTA,CAMRY,2018,Sedan,Yes,Hybrid,2.5,127515,4.0,Automatic,Front,04-May,Left wheel,Black,12
5759,45809568,35125.207,691,HONDA,FIT,2017,Hatchback,Yes,Petrol,1.3,85000,4.0,Automatic,Front,04-May,Left wheel,Black,4
5827,45809072,19149.2874,382,TOYOTA,AQUA,2017,Hatchback,Yes,Hybrid,1.5,86658,4.0,Automatic,Front,04-May,Left wheel,White,4
5828,45811235,22805.3682,1249,TOYOTA,RAV 4,2017,Jeep,Yes,Petrol,2.5,55362,4.0,Automatic,4x4,04-May,Left wheel,Blue,12
5881,45769077,28310.804,1017,MERCEDES-BENZ,E 300,2017,Sedan,Yes,Petrol,2,50930,4.0,Automatic,Rear,04-May,Left wheel,Black,12
5905,45731742,66070.2448,1249,HYUNDAI,H1,2017,Universal,Yes,Diesel,2.5,93000,4.0,Automatic,Front,04-May,Left wheel,Silver,4
5917,45802812,74083.2806,1017,HYUNDAI,SANTA FE,2017,Jeep,Yes,Diesel,2,101515,4.0,Automatic,Front,04-May,Left wheel,White,4
5920,45733589,83772.647,1079,HYUNDAI,SONATA,2018,Sedan,Yes,Petrol,2,40808,4.0,Automatic,Front,04-May,Left wheel,Black,4
5955,45706042,58587.5664,1079,TOYOTA,CHR,2018,Jeep,No,Petrol,2,46000,4.0,Tiptronic,Front,04-May,Left wheel,Grey,12
5962,45816311,68024.919,1481,BMW,X5,2017,Jeep,Yes,Petrol,3,62256,6.0,Automatic,Rear,04-May,Left wheel,Brown,12
5974,45804107,56684.298,877,HYUNDAI,TUCSON,2017,Jeep,Yes,Diesel,1.7,69088,4.0,Automatic,Front,04-May,Left wheel,Black,4
6004,45733721,62712.568400000004,1017,HYUNDAI,SONATA,2017,Sedan,Yes,Petrol,2,61600,4.0,Automatic,Front,04-May,Left wheel,Black,4
6044,45492257,43252.3386,924,VOLKSWAGEN,PASSAT,2017,Sedan,Yes,Petrol,1.8 Turbo,49800,4.0,Automatic,Front,04-May,Left wheel,Grey,12
6049,45810499,44294.2464,831,CHEVROLET,ORLANDO,2017,Jeep,Yes,Diesel,1.6,67668,4.0,Automatic,Front,04-May,Left wheel,White,4
6053,45794048,19660.8378,1017,HYUNDAI,ELANTRA,2017,Sedan,No,Petrol,2,60659,4.0,Tiptronic,Front,04-May,Left wheel,Black,12
6096,45382432,137622.1032,-,MERCEDES-BENZ,X 250 ᲔᲕᲠᲝᲞᲣᲚᲘ,2018,Pickup,Yes,Diesel,2.5 Turbo,43000,8.0,Automatic,4x4,04-May,Left wheel,Blue,0
6169,45810912,17890.4722,579,LEXUS,ES 350,2017,Sedan,Yes,Hybrid,2.5,88336,4.0,Automatic,Front,04-May,Left wheel,White,12
6182,45799548,48757.7744,421,KIA,NIRO,2018,Jeep,No,Hybrid,1.6,62347,4.0,Automatic,Front,04-May,Left wheel,Black,10
6204,45802285,55846.7596,1249,HYUNDAI,H1,2017,Universal,Yes,Diesel,2.5,100856,4.0,Automatic,Front,04-May,Left wheel,Silver,4
6257,45803598,21822.389,1017,HYUNDAI,SONATA,2017,Sedan,Yes,LPG,2,263823,4.0,Automatic,Front,04-May,Left wheel,Silver,4
6302,45802701,100396.7812,1077,HYUNDAI,SANTA FE,2019,Jeep,Yes,Diesel,2,56000,4.0,Automatic,Front,04-May,Left wheel,Grey,4
6312,45522623,31456.588200000002,382,TOYOTA,PRIUS C,2017,Hatchback,No,Hybrid,1.5,144000,4.0,Automatic,Front,04-May,Left wheel,White,8
6333,45799199,42072.512800000004,442,TOYOTA,PRIUS,2017,Sedan,No,Hybrid,1.8,90652,4.0,Automatic,Front,04-May,Left wheel,Silver,10
6407,45789034,26934.1316,-,FORD,FUSION,2017,Sedan,Yes,Petrol,2.5,98000,4.0,Tiptronic,Front,04-May,Left wheel,Black,8
6473,44957792,28085.12,738,VOLKSWAGEN,JETTA,2017,Sedan,Yes,Petrol,1.4 Turbo,68000,4.0,Manual,Front,04-May,Left wheel,Grey,12
6572,45812801,18284.1654,1249,TOYOTA,CAMRY,2017,Sedan,Yes,Petrol,2.5,74029,4.0,Automatic,Front,04-May,Left wheel,Blue,12
6576,45813437,33028.8534,1481,BMW,428,2017,Coupe,Yes,Petrol,3,71894,6.0,Automatic,Rear,02-Mar,Left wheel,Blue,12
6600,45806415,12386.2902,831,GMC,TERRAIN,2018,Sedan,Yes,Petrol,1.5,51050,4.0,Automatic,Front,04-May,Left wheel,Blue,12
6610,45509166,13761.7088,831,NISSAN,VERSA,2017,Sedan,No,Petrol,1.6,64765,4.0,Automatic,Front,04-May,Left wheel,White,6
6625,45804640,64807.6682,831,HYUNDAI,TUCSON,2017,Jeep,Yes,Petrol,1.6,41551,4.0,Automatic,Front,04-May,Left wheel,Black,4
6636,45767630,82572.7604,1017,MERCEDES-BENZ,C 300,2017,Sedan,Yes,Petrol,2.0 Turbo,71520,6.0,Tiptronic,Rear,04-May,Left wheel,Black,10
6652,45808861,117068.5598,1156,FORD,EXPLORER,2017,Jeep,Yes,Petrol,2.3,55000,4.0,Automatic,Front,04-May,Left wheel,Black,4
6670,45806737,15727.6672,1872,VOLKSWAGEN,"1500,1600 SCHTUFENHECK",2018,Sedan,Yes,Petrol,3.6,66086,6.0,Automatic,Front,04-May,Left wheel,Grey,12
6696,45774030,25951.1524,831,HONDA,CR-V,2018,Sedan,Yes,Petrol,1.5,56261,4.0,Automatic,4x4,04-May,Left wheel,Blue,12
6793,45776998,33422.5466,1017,HYUNDAI,ELANTRA,2017,Sedan,No,Petrol,2,70000,4.0,Automatic,Front,04-May,Left wheel,Black,6
6833,45802329,43154.5422,1249,HYUNDAI,H1,2017,Universal,Yes,Diesel,2.5,184189,4.0,Automatic,Front,04-May,Left wheel,Silver,4
6845,44677990,30091.2,1829,TOYOTA,CHR,2019,Jeep,No,Petrol,1.2,84000,4.0,Tiptronic,Front,04-May,Right-hand drive,Carnelian red,8
6913,45773887,28310.804,1017,MERCEDES-BENZ,E 300,2017,Sedan,Yes,Petrol,2,50930,4.0,Automatic,Rear,04-May,Left wheel,Black,12
6932,45729816,51281.673800000004,831,SSANGYONG,ACTYON,2017,Jeep,Yes,Diesel,1.6,71908,4.0,Automatic,Front,04-May,Left wheel,Silver,4
6972,45772575,28310.804,1017,MERCEDES-BENZ,E 300,2017,Sedan,Yes,Petrol,2,50930,4.0,Automatic,Rear,04-May,Left wheel,Black,12
6979,45730060,52091.628600000004,831,SSANGYONG,ACTYON,2017,Jeep,Yes,Petrol,1.6,50000,4.0,Automatic,Front,04-May,Left wheel,White,4
7011,45775889,29490.6298,1249,TOYOTA,CAMRY SPORT,2017,Sedan,Yes,Petrol,2.5,153000,4.0,Tiptronic,Front,04-May,Left wheel,Black,12
7086,45673185,23985.194,738,CHEVROLET,CRUZE LT,2017,Sedan,No,Petrol,1.4 Turbo,104000,6.0,Automatic,Front,04-May,Left wheel,Silver,8
7101,45806576,12975.5762,1079,TOYOTA,4RUNNER,2018,Jeep,Yes,Petrol,2,78579,4.0,Automatic,Front,04-May,Left wheel,Purple,12
7170,45796920,43496.8296,1249,HYUNDAI,H1,2017,Universal,Yes,Diesel,2.5,188000,4.0,Automatic,Front,04-May,Left wheel,Silver,4
7187,45732365,89831.0086,1077,HYUNDAI,SANTA FE,2019,Jeep,Yes,Diesel,2,47778,4.0,Automatic,Front,04-May,Left wheel,Grey,4
7207,45803723,44220.2722,1017,HYUNDAI,TUCSON,2017,Jeep,Yes,Diesel,2,150563,4.0,Automatic,Front,04-May,Left wheel,Black,4
7239,45809416,29663.6542,691,HONDA,FIT,2017,Hatchback,Yes,Petrol,1.3,49000,4.0,Automatic,Front,04-May,Left wheel,Black,4
7242,45810989,41680.0734,2225,LEXUS,GX 460,2017,Jeep,Yes,Petrol,4.6,69918,8.0,Automatic,4x4,04-May,Left wheel,White,12
7273,45803771,44943.7148,877,HYUNDAI,TUCSON,2017,Jeep,Yes,Diesel,1.7,114886,4.0,Automatic,Front,04-May,Left wheel,White,4
7409,45804281,55850.521,877,HYUNDAI,TUCSON,2017,Jeep,Yes,Diesel,1.7,130039,4.0,Automatic,Front,04-May,Left wheel,White,4
7446,45801321,22015.4742,1017,HYUNDAI,ELANTRA,2017,Sedan,Yes,Petrol,2,66000,4.0,Automatic,Front,04-May,Left wheel,Silver,12
7448,45803210,24968.1732,1017,HYUNDAI,SONATA,2017,Sedan,Yes,LPG,2,238025,4.0,Automatic,Front,04-May,Left wheel,White,4
7497,45804638,47931.5202,877,HYUNDAI,TUCSON,2017,Jeep,Yes,Diesel,1.7,150377,4.0,Automatic,Front,04-May,Left wheel,White,4
7590,45732367,112192.5316,1176,HYUNDAI,SANTA FE,2019,Jeep,Yes,Diesel,2.2,69852,4.0,Automatic,Front,04-May,Left wheel,Grey,4
7660,45760485,16710.6464,1481,AUDI,Q7,2017,Jeep,Yes,Petrol,3,44642,6.0,Automatic,4x4,04-May,Left wheel,Black,0
7672,45651221,49150.2138,1714,MERCEDES-BENZ,GLE 350,2017,Jeep,Yes,Petrol,3.5,95541,6.0,Automatic,Rear,04-May,Left wheel,Black,0
7813,45729921,55335.2092,831,SSANGYONG,ACTYON,2017,Jeep,Yes,Diesel,1.6,67000,4.0,Automatic,Front,04-May,Left wheel,Green,4
7816,45730100,52873.9998,880,SSANGYONG,ACTYON,2018,Jeep,Yes,Diesel,1.6,74221,4.0,Automatic,Front,04-May,Left wheel,Blue,4
7824,45804048,59601.8906,877,HYUNDAI,TUCSON,2017,Jeep,Yes,Diesel,1.7,60646,4.0,Automatic,Front,04-May,Left wheel,Grey,4
7876,45797556,43154.5422,1249,HYUNDAI,H1,2017,Universal,Yes,Diesel,2.5,184189,4.0,Automatic,Front,04-May,Left wheel,Silver,4
7908,45803213,24968.1732,1017,HYUNDAI,SONATA,2017,Sedan,Yes,LPG,2,208297,4.0,Automatic,Front,04-May,Left wheel,White,4
7925,45760882,45218.297,1079,VOLKSWAGEN,PASSAT RLAINI,2018,Sedan,Yes,Petrol,2.0 Turbo,68800,4.0,Tiptronic,Front,04-May,Left wheel,Grey,6
8010,45766446,17498.0328,1327,TOYOTA,CAMRY,2018,Sedan,Yes,Petrol,2.5,56173,4.0,Automatic,Front,04-May,Left wheel,Silver,12
8057,45808877,102570.8704,1156,FORD,EXPLORER,2017,Jeep,Yes,Petrol,2.3,80000,4.0,Automatic,Front,04-May,Left wheel,White,4
8088,45789051,36174.6376,1079,BMW,X1,2018,Jeep,Yes,Petrol,2.0 Turbo,68126,4.0,Automatic,4x4,04-May,Left wheel,White,12
8098,45766189,16710.6464,1481,AUDI,Q7,2017,Sedan,Yes,Petrol,3,44642,6.0,Automatic,4x4,04-May,Left wheel,Black,0
8137,44935144,21626.7962,-,KIA,RIO,2017,Sedan,No,Petrol,1.6,40000,4.0,Automatic,Front,04-May,Left wheel,White,2
8164,45434004,143126.2852,1017,BMW,530,2017,Sedan,Yes,Petrol,2.0 Turbo,42000,12.0,Tiptronic,Rear,04-May,Left wheel,White,12
8202,45805160,45595.690800000004,1017,HYUNDAI,TUCSON,2017,Jeep,Yes,Diesel,2,148510,4.0,Automatic,Front,04-May,Left wheel,White,4
8260,45813846,18284.1654,1342,FORD,F150,2017,Pickup,Yes,Petrol,2.7,118462,6.0,Automatic,Rear,04-May,Left wheel,Black,12
8388,45755329,19267.1446,-,FORD,FIESTA,2017,Sedan,No,Petrol,1.6,41000,4.0,Automatic,Front,04-May,Left wheel,White,6
8389,45728320,9043.6594,481,HYUNDAI,SONATA,2017,Sedan,Yes,Hybrid,2,138459,4.0,Automatic,Front,04-May,Left wheel,Silver,0
8392,45814880,31456.588200000002,2736,TOYOTA,TUNDRA,2017,Jeep,Yes,Petrol,5.7,123862,8.0,Automatic,4x4,02-Mar,Left wheel,White,12
8441,45803133,14549.0952,1017,HYUNDAI,SONATA,2017,Sedan,Yes,LPG,2,319682,4.0,Automatic,Front,04-May,Left wheel,Orange,4
8545,45733412,63117.5458,1017,HYUNDAI,SONATA,2017,Sedan,Yes,Petrol,2,68009,4.0,Automatic,Front,04-May,Left wheel,Black,4
8547,45804027,62519.4832,1077,HYUNDAI,TUCSON,2019,Jeep,Yes,Diesel,2,66500,4.0,Automatic,Front,04-May,Left wheel,Grey,4
8549,45730107,52873.9998,831,SSANGYONG,ACTYON,2017,Jeep,Yes,Petrol,1.6,67856,4.0,Automatic,Front,04-May,Left wheel,White,4
8562,45799305,36568.3308,442,TOYOTA,PRIUS,2017,Hatchback,No,Hybrid,1.8,95350,4.0,Automatic,Front,04-May,Left wheel,Silver,14
8622,45642847,12189.4436,609,TOYOTA,CAMRY,2018,Sedan,Yes,Hybrid,2.5,127515,4.0,Automatic,Front,04-May,Left wheel,Black,12
8678,45730232,47624.3392,831,SSANGYONG,ACTYON,2017,Jeep,Yes,Diesel,1.6,87764,4.0,Automatic,Front,04-May,Left wheel,Blue,4
8688,45804158,56684.298,1017,HYUNDAI,TUCSON,2017,Jeep,Yes,Diesel,2,91478,4.0,Automatic,Front,04-May,Left wheel,Grey,4
8700,44329013,49150.2138,-,TOYOTA,CAMRY,2017,Sedan,Yes,Petrol,2.5,52000,4.0,Tiptronic,Front,04-May,Left wheel,Black,8
8753,45802818,69247.374,1079,HYUNDAI,SANTA FE,2018,Jeep,Yes,Diesel,2,49396,4.0,Automatic,Front,04-May,Left wheel,White,4
8769,45804373,55016.744,1017,HYUNDAI,TUCSON,2017,Jeep,Yes,Diesel,2,98847,4.0,Automatic,Front,04-May,Left wheel,White,4
8829,45730404,58324.2684,831,SSANGYONG,ACTYON,2017,Jeep,Yes,Petrol,1.6,42763,4.0,Automatic,Front,04-May,Left wheel,Blue,4
8853,45815305,33816.2398,1823,TOYOTA,HIGHLANDER,2018,Jeep,Yes,Petrol,3.5,47002,6.0,Automatic,4x4,04-May,Left wheel,White,12
8957,45770230,70383.3168,1017,MERCEDES-BENZ,E 300,2017,Sedan,Yes,Petrol,2,50963,4.0,Automatic,Rear,04-May,Left wheel,Black,12
8958,45810030,59594.3678,1017,HONDA,CIVIC,2017,Sedan,Yes,Petrol,2,48291,4.0,Automatic,Front,04-May,Left wheel,Grey,4
9008,45803132,14549.0952,1017,HYUNDAI,SONATA,2017,Sedan,Yes,LPG,2,269689,4.0,Automatic,Front,04-May,Left wheel,Orange,4
9050,45796868,57989.5038,1249,HYUNDAI,H1,2017,Universal,Yes,Diesel,2.5,83138,4.0,Automatic,Front,04-May,Left wheel,Grey,4
9114,45813297,40106.5544,3015,FERRARI,F50,2017,Coupe,Yes,Petrol,6.3,419200,12.0,Automatic,Rear,02-Mar,Left wheel,Silver,12
9128,45768086,32636.414,382,CHEVROLET,VOLT,2017,Hatchback,Yes,Hybrid,1.5,52062,4.0,Automatic,Front,04-May,Left wheel,Blue,0
9134,45804983,51116.1722,1327,TOYOTA,CAMRY,2018,Sedan,Yes,Petrol,2.5,43000,4.0,Tiptronic,Front,04-May,Left wheel,Blue,12
9149,45804429,50849.1128,1017,HYUNDAI,TUCSON,2017,Jeep,Yes,Diesel,2,48089,4.0,Automatic,Front,04-May,Left wheel,White,4
9167,45809891,57514.3136,1017,HONDA,CIVIC,2017,Coupe,Yes,Petrol,2,57895,4.0,Automatic,Front,04-May,Left wheel,Silver,4
9186,45773223,11992.597,1079,VOLKSWAGEN,TIGUAN,2018,Sedan,Yes,Petrol,2,70098,4.0,Automatic,Front,04-May,Left wheel,Black,12
9193,45810399,35160.3134,831,CHEVROLET,ORLANDO,2017,Jeep,Yes,Diesel,1.6,109953,4.0,Automatic,Front,04-May,Left wheel,Black,4
9194,45810894,16710.6464,738,CHEVROLET,CRUZE,2017,Sedan,Yes,Petrol,1.4,78667,4.0,Automatic,Front,04-May,Left wheel,Blue,12
9200,45748414,176941.27120000002,1575,MERCEDES-BENZ,GLS 450,2018,Jeep,Yes,Petrol,3,40000,6.0,Tiptronic,4x4,04-May,Left wheel,Black,12
9201,45772075,28310.804,1017,MERCEDES-BENZ,E 300,2017,Sedan,Yes,Petrol,2,50930,4.0,Automatic,Rear,04-May,Left wheel,Black,12
9243,45796070,19660.8378,738,CHEVROLET,CRUZE,2017,Sedan,Yes,Petrol,1.4,77174,4.0,Automatic,Front,04-May,Left wheel,Red,0
9263,45730275,44647.818,831,SSANGYONG,ACTYON,2017,Jeep,Yes,Petrol,1.6,74279,4.0,Automatic,Front,04-May,Left wheel,Silver,4
9293,45803005,75023.6306,1079,HYUNDAI,SANTA FE,2018,Jeep,Yes,Diesel,2,41778,4.0,Automatic,Front,04-May,Left wheel,Blue,4
9299,45804651,47931.5202,877,HYUNDAI,TUCSON,2017,Jeep,Yes,Diesel,1.7,83259,4.0,Automatic,Front,04-May,Left wheel,Black,4
9309,45802106,52194.440200000005,1249,HYUNDAI,H1,2017,Universal,Yes,Diesel,2.5,129841,4.0,Automatic,Front,04-May,Left wheel,Black,4
9370,45809369,39132.351800000004,400,HONDA,FIT,2018,Universal,Yes,Hybrid,1.5,57809,4.0,Automatic,Front,04-May,Left wheel,Black,4
9381,45733704,62377.8038,1079,HYUNDAI,SONATA,2018,Sedan,Yes,Petrol,2,77130,4.0,Automatic,Front,04-May,Left wheel,Blue,4
9383,45596006,34602.3724,1017,HYUNDAI,TUCSON SE,2017,Jeep,No,Petrol,2,60704,4.0,Automatic,Front,04-May,Left wheel,Black,10
9384,45813618,11795.7504,463,TOYOTA,PRIUS,2018,Sedan,Yes,Hybrid,1.8,44114,4.0,Automatic,Front,04-May,Left wheel,Silver,12
9419,45797542,46547.325000000004,1249,HYUNDAI,H1,2017,Universal,Yes,Diesel,2.5,168645,4.0,Automatic,Front,04-May,Left wheel,Silver,4
9515,45731528,58827.0422,1327,HYUNDAI,H1,2018,Universal,Yes,Diesel,2.5,71689,4.0,Automatic,Front,04-May,Left wheel,Grey,4
9555,40808507,33422.5466,-,HYUNDAI,SONATA 2.4L,2017,Sedan,No,Petrol,2.4,102569,4.0,Automatic,Front,04-May,Left wheel,Silver,0
9656,45730884,54635.5888,831,SSANGYONG,ACTYON,2017,Jeep,Yes,Petrol,1.6,47456,4.0,Automatic,Front,04-May,Left wheel,White,4
9776,45729967,55001.6984,879,SSANGYONG,ACTYON,2019,Jeep,Yes,Diesel,1.6,57874,4.0,Automatic,Front,04-May,Left wheel,Blue,4
9796,45809878,85438.9472,831,HONDA,CIVIC,2018,Sedan,Yes,Petrol,1.5,42857,4.0,Automatic,Front,04-May,Left wheel,Grey,4
9812,45803079,62727.614,1017,HYUNDAI,SANTA FE,2017,Jeep,Yes,Diesel,2,66340,4.0,Automatic,Front,04-May,Left wheel,Blue,4
9829,45804398,55016.744,1017,HYUNDAI,TUCSON,2017,Jeep,Yes,Diesel,2,79877,4.0,Automatic,Front,04-May,Left wheel,Black,4
9881,45730501,56110.0576,880,SSANGYONG,ACTYON,2018,Jeep,Yes,Diesel,1.6,40137,4.0,Automatic,Front,04-May,Left wheel,Grey,4
9894,45617609,12189.4436,609,TOYOTA,CAMRY,2018,Sedan,Yes,Hybrid,2.5,127515,4.0,Automatic,Front,04-May,Left wheel,Black,12
9912,45803009,85443.9624,1077,HYUNDAI,SANTA FE,2019,Jeep,Yes,Diesel,2,47778,4.0,Automatic,Front,04-May,Left wheel,Grey,4
9919,45805165,42930.112,877,HYUNDAI,TUCSON,2017,Jeep,Yes,Diesel,1.7,131959,4.0,Automatic,Front,04-May,Left wheel,White,4
9939,45416852,35388.505,1017,HYUNDAI,LANTRA LIMITED,2017,Sedan,No,Petrol,2.0 Turbo,54080,4.0,Automatic,Front,04-May,Left wheel,Black,8
9948,45731791,49838.55,1249,HYUNDAI,H1,2017,Universal,Yes,Diesel,2.5,73357,4.0,Automatic,Front,04-May,Left wheel,White,4
9973,45769312,70383.3168,1017,MERCEDES-BENZ,E 300,2017,Sedan,Yes,Petrol,2,50963,4.0,Automatic,Rear,04-May,Left wheel,Black,12
9999,45803838,55815.414600000004,1017,HYUNDAI,TUCSON,2017,Jeep,Yes,Diesel,2,66067,4.0,Automatic,Front,04-May,Left wheel,White,4
10060,45802325,46547.325000000004,1249,HYUNDAI,H1,2017,Universal,Yes,Diesel,2.5,168645,4.0,Automatic,Front,04-May,Left wheel,Silver,4
10065,45771443,28310.804,1017,MERCEDES-BENZ,E 300,2017,Sedan,Yes,Petrol,2,50930,4.0,Automatic,Rear,04-May,Left wheel,Black,12
10067,45766287,61733.3506,1342,TOYOTA,TACOMA,2017,Jeep,Yes,Petrol,2.7,94262,4.0,Automatic,Rear,04-May,Left wheel,White,12
10090,45803006,63978.9064,1079,HYUNDAI,SANTA FE,2018,Jeep,Yes,Diesel,2,102934,4.0,Automatic,Front,04-May,Left wheel,White,4
10107,45729974,54635.5888,831,SSANGYONG,ACTYON,2017,Jeep,Yes,Diesel,1.6,42891,4.0,Automatic,Front,04-May,Left wheel,Red,4
10236,45804412,53350.4438,877,HYUNDAI,TUCSON,2017,Jeep,Yes,Diesel,1.7,81070,4.0,Automatic,Front,04-May,Left wheel,White,4
10238,45694885,129757.01580000001,-,BMW,X5,2018,Jeep,Yes,Diesel,2.5 Turbo,59364,6.0,Tiptronic,4x4,04-May,Left wheel,Blue,12
10280,45763049,16710.6464,1481,AUDI,Q7,2017,Sedan,Yes,Petrol,3,44642,6.0,Automatic,4x4,04-May,Left wheel,Black,0
10304,45803068,69604.707,1079,HYUNDAI,SANTA FE,2018,Jeep,Yes,Diesel,2,102934,4.0,Automatic,Front,04-May,Left wheel,White,4
10341,43334057,57014.0474,-,MITSUBISHI,L 200,2017,Pickup,No,Petrol,2.4,80000,4.0,Manual,4x4,04-May,Left wheel,White,12
10411,45788768,26344.8456,463,TOYOTA,PRIUS,2018,Sedan,No,Hybrid,1.8,206794,4.0,Automatic,Front,04-May,Left wheel,Grey,10
10428,45804096,57100.5596,1017,HYUNDAI,TUCSON,2017,Jeep,Yes,Diesel,2,104918,4.0,Automatic,Front,04-May,Left wheel,White,4
10445,45802287,56224.1534,1249,HYUNDAI,H1,2017,Universal,Yes,Diesel,2.5,105743,4.0,Automatic,Front,04-May,Left wheel,White,4
10466,45732655,21233.103,1017,HYUNDAI,SONATA,2017,Sedan,Yes,LPG,2,238025,4.0,Automatic,Front,04-May,Left wheel,White,4
10479,45774305,28704.4972,1723,KIA,SORENTO,2018,Sedan,Yes,Petrol,3.3,49646,6.0,Automatic,Front,04-May,Left wheel,Grey,12
10561,45797180,32620.1146,831,HYUNDAI,ELANTRA,2017,Sedan,Yes,Petrol,1.6,107220,4.0,Automatic,Front,04-May,Left wheel,White,4
10585,45815829,33422.5466,830,FORD,ESCAPE,2019,Jeep,No,Petrol,1.5,74000,8.0,Tiptronic,Front,04-May,Left wheel,Grey,9
10596,45769075,70383.3168,1017,MERCEDES-BENZ,E 300,2017,Sedan,Yes,Petrol,2,50963,4.0,Automatic,Rear,04-May,Left wheel,Black,12
10645,45804447,50849.1128,877,HYUNDAI,TUCSON,2017,Jeep,Yes,Diesel,1.7,82430,4.0,Automatic,Front,04-May,Left wheel,Grey,4
10648,45733609,66399.9942,1079,HYUNDAI,SONATA,2018,Sedan,Yes,Petrol,2,48605,4.0,Automatic,Front,04-May,Left wheel,Grey,4
10768,45809781,13172.4228,1249,NISSAN,ALTIMA,2017,Sedan,Yes,Petrol,2.5,45022,4.0,Automatic,Front,04-May,Left wheel,Black,12
10819,45804100,56684.298,877,HYUNDAI,TUCSON,2017,Jeep,Yes,Diesel,1.7,123833,4.0,Automatic,Front,04-May,Left wheel,White,4
10832,45755013,20446.970400000002,442,TOYOTA,PRIUS,2017,Hatchback,Yes,Hybrid,1.8,45488,4.0,Automatic,Front,04-May,Left wheel,White,12
10912,45815070,17890.4722,1249,TOYOTA,CAMRY,2017,Sedan,Yes,Petrol,2.5,48035,4.0,Automatic,Front,04-May,Left wheel,Red,12
10942,45804024,63769.5218,877,HYUNDAI,TUCSON,2017,Jeep,Yes,Diesel,1.7,69527,4.0,Automatic,Front,04-May,Left wheel,Black,4
10947,45787052,34208.6792,-,FORD,C-MAX,2017,Sedan,No,Hybrid,2,77254,4.0,Automatic,Front,04-May,Left wheel,Black,12
10957,45730397,51313.0188,831,SSANGYONG,ACTYON,2017,Jeep,Yes,Diesel,1.6,54405,4.0,Automatic,Front,04-May,Left wheel,White,4
10982,45572804,16515.0536,1249,TOYOTA,CAMRY SPORT,2017,Sedan,Yes,Petrol,2.5,60000,4.0,Tiptronic,Front,04-May,Left wheel,Black,12
11004,45757137,32636.414,382,CHEVROLET,VOLT,2017,Hatchback,Yes,Hybrid,1.5,52062,4.0,Automatic,Front,04-May,Left wheel,Blue,0
11075,45729790,52787.4876,831,SSANGYONG,ACTYON,2017,Jeep,Yes,Petrol,1.6,50750,4.0,Automatic,Front,04-May,Left wheel,White,4
11081,45809329,49669.287000000004,784,HONDA,FIT,2017,Hatchback,Yes,Petrol,1.5,49000,4.0,Automatic,Front,04-May,Left wheel,White,4
11083,45770355,70383.3168,1017,MERCEDES-BENZ,E 300,2017,Sedan,Yes,Petrol,2,50963,4.0,Automatic,Rear,04-May,Left wheel,Black,12
11109,45802849,121913.243,1076,HYUNDAI,SANTA FE,2020,Jeep,Yes,Diesel,2,43865,4.0,Automatic,Front,04-May,Left wheel,Grey,4
11215,45767346,32636.414,382,CHEVROLET,VOLT,2017,Hatchback,Yes,Hybrid,1.5,52062,4.0,Automatic,Front,04-May,Left wheel,Blue,0
11267,45787175,34208.6792,831,NISSAN,JUKE,2017,Jeep,Yes,Petrol,1.6 Turbo,47533,4.0,Automatic,Front,04-May,Left wheel,White,12
11320,45810071,44656.594600000004,1249,CHEVROLET,IMPALA,2017,Sedan,Yes,Petrol,2.5,56486,4.0,Automatic,Front,04-May,Left wheel,Golden,4
11321,45801516,36246.1042,831,HYUNDAI,ELANTRA,2017,Sedan,Yes,Diesel,1.6,98000,4.0,Automatic,Front,04-May,Left wheel,White,4
11338,45804035,61269.4446,930,HYUNDAI,TUCSON,2018,Jeep,Yes,Diesel,1.7,52782,4.0,Automatic,Front,04-May,Left wheel,Silver,4
11344,44762753,27327.824800000002,784,FORD,ESCAPE SE,2017,Jeep,Yes,Petrol,1.5 Turbo,41092,4.0,Automatic,4x4,04-May,Left wheel,Grey,8
11354,44930159,62519.4832,1621,HYUNDAI,SANTA FE LONG,2017,Jeep,Yes,Petrol,3.3,44800,6.0,Automatic,4x4,04-May,Left wheel,Silver,12
11370,45065028,22805.3682,-,FORD,FIESTA,2017,Hatchback,No,Petrol,1.6,53000,4.0,Automatic,Front,04-May,Left wheel,Black,6
11385,45785990,77854.711,714,TOYOTA,AVALON,2018,Sedan,Yes,Hybrid,3,80000,8.0,Variator,Front,04-May,Left wheel,Grey,10
11401,45605313,33225.7,1017,HYUNDAI,TUCSON SE,2017,Jeep,Yes,Petrol,2,46932,4.0,Automatic,Front,04-May,Left wheel,Black,10
11457,45809723,53829.3954,784,TOYOTA,AQUA,2017,Hatchback,Yes,Petrol,1.5,50909,4.0,Automatic,Front,04-May,Left wheel,Black,4
11469,45810652,16703.1236,583,CHEVROLET,SPARK,2018,Hatchback,Yes,Petrol,1,62499,4.0,Automatic,Front,04-May,Left wheel,White,4
11506,45797466,56224.1534,1249,HYUNDAI,H1,2017,Universal,Yes,Diesel,2.5,105743,4.0,Automatic,Front,04-May,Left wheel,White,4
11514,45809231,17890.4722,1017,JAGUAR,F-PACE,2017,Jeep,Yes,Diesel,2,50531,4.0,Automatic,4x4,04-May,Left wheel,Red,12
11552,45771070,28310.804,1017,MERCEDES-BENZ,E 300,2017,Sedan,Yes,Petrol,2,50930,4.0,Automatic,Rear,04-May,Left wheel,Black,12
11553,45802732,72126.0988,1017,HYUNDAI,SANTA FE,2017,Jeep,Yes,Diesel,2,40950,4.0,Automatic,Front,04-May,Left wheel,Silver,4
11605,45776580,29490.6298,-,CHEVROLET,MALIBU,2017,Sedan,Yes,Petrol,1.5 Turbo,53000,4.0,Tiptronic,Front,04-May,Left wheel,Blue,12
11670,45803055,60851.9292,1017,HYUNDAI,SANTA FE,2017,Jeep,Yes,Diesel,2,78843,4.0,Automatic,Front,04-May,Left wheel,Silver,4
11728,45649801,12189.4436,609,TOYOTA,CAMRY,2018,Sedan,Yes,Hybrid,2.5,127515,4.0,Automatic,Front,04-May,Left wheel,Black,12
11735,45804923,56264.275,930,HYUNDAI,TUCSON,2018,Jeep,Yes,Diesel,1.7,87862,4.0,Automatic,Front,04-May,Left wheel,White,4
11754,45730723,54265.7178,831,SSANGYONG,ACTYON,2017,Jeep,Yes,Diesel,1.6,59647,4.0,Automatic,Front,04-May,Left wheel,Blue,4
11809,45730421,57214.6554,831,SSANGYONG,ACTYON,2017,Jeep,Yes,Diesel,1.6,71000,4.0,Automatic,Front,04-May,Left wheel,Blue,4
11826,45808874,37334.4026,831,CHEVROLET,AVEO,2017,Sedan,Yes,Petrol,1.6,67122,4.0,Automatic,Front,04-May,Left wheel,Black,4
11853,45808895,118519.2064,1156,FORD,EXPLORER,2017,Jeep,Yes,Petrol,2.3,61057,4.0,Automatic,Front,04-May,Left wheel,White,4
11883,45733492,58324.2684,1017,HYUNDAI,SONATA,2017,Sedan,Yes,Petrol,2,70000,4.0,Automatic,Front,04-May,Left wheel,Grey,4
11906,45292420,84146.2794,1946,TOYOTA,4RUNNER,2017,Jeep,Yes,Petrol,4,91813,8.0,Automatic,4x4,04-May,Left wheel,Black,10
12093,45795778,29096.9366,831,NISSAN,JUKE,2017,Jeep,No,Petrol,1.6 Turbo,54000,4.0,Tiptronic,Front,04-May,Left wheel,Black,10
12096,45802125,44943.7148,1249,HYUNDAI,H1,2017,Universal,Yes,Diesel,2.5,143629,4.0,Automatic,Front,04-May,Left wheel,Black,4
12097,45774264,28310.804,1017,MERCEDES-BENZ,E 300,2017,Sedan,Yes,Petrol,2,50930,4.0,Automatic,Rear,04-May,Left wheel,Black,12
12101,43965200,152563.6378,-,TOYOTA,LAND CRUISER PRADO,2018,Jeep,Yes,Diesel,3.0 Turbo,92000,6.0,Tiptronic,4x4,04-May,Left wheel,Blue,12
12112,45804626,49181.5588,1017,HYUNDAI,TUCSON,2017,Jeep,Yes,Diesel,2,98273,4.0,Automatic,Front,04-May,Left wheel,Grey,4
12161,45771441,70383.3168,1017,MERCEDES-BENZ,E 300,2017,Sedan,Yes,Petrol,2,50963,4.0,Automatic,Rear,04-May,Left wheel,Black,12
12215,45803211,21233.103,1017,HYUNDAI,SONATA,2017,Sedan,Yes,LPG,2,275721,4.0,Automatic,Front,04-May,Left wheel,White,4
12302,45804016,66687.1144,877,HYUNDAI,TUCSON,2017,Jeep,Yes,Diesel,1.7,66911,4.0,Automatic,Front,04-May,Left wheel,Grey,4
12306,45801891,35011.1112,880,HYUNDAI,ELANTRA,2018,Sedan,Yes,Petrol,1.6,53000,4.0,Automatic,Front,04-May,Left wheel,White,4
12339,45382087,47184.2554,-,HYUNDAI,TUCSON LIMITED,2017,Jeep,Yes,Petrol,2,131200,6.0,Tiptronic,Front,04-May,Left wheel,Grey,8
12347,45773504,32636.414,382,CHEVROLET,VOLT,2017,Hatchback,Yes,Hybrid,1.5,52062,4.0,Automatic,Front,04-May,Left wheel,Blue,0
12388,45802739,76840.38680000001,1079,HYUNDAI,SANTA FE,2018,Jeep,Yes,Diesel,2,69000,4.0,Automatic,Front,04-May,Left wheel,Grey,4
12485,45731749,50578.292,1249,HYUNDAI,H1,2017,Universal,Yes,Diesel,2.5,171690,4.0,Automatic,Front,04-May,Left wheel,Silver,4
12511,45803452,19660.8378,1017,HYUNDAI,SONATA,2017,Sedan,Yes,LPG,2,61257,4.0,Automatic,Front,04-May,Left wheel,White,4
12538,45811576,53869.517,1946,MERCEDES-BENZ,G 550,2017,Jeep,Yes,Petrol,4,54730,8.0,Automatic,4x4,04-May,Left wheel,White,12
12560,45802972,61803.5634,1017,HYUNDAI,SANTA FE,2017,Jeep,Yes,Diesel,2,156887,4.0,Automatic,Front,04-May,Left wheel,Grey,4
12582,45812656,10420.3318,781,CHEVROLET,CRUZE,2018,Sedan,Yes,Petrol,1.4,65738,4.0,Automatic,Front,04-May,Left wheel,Red,12
12592,45801899,42096.335,880,HYUNDAI,ELANTRA,2018,Sedan,Yes,Petrol,1.6,65734,4.0,Automatic,Front,04-May,Left wheel,Blue,4
12595,45648997,22019.2356,1017,MERCEDES-BENZ,GLA 250,2017,Jeep,Yes,Petrol,2,109608,4.0,Automatic,Front,04-May,Left wheel,White,0
12668,45730167,50267.3496,831,SSANGYONG,ACTYON,2017,Jeep,Yes,Petrol,1.6,70087,4.0,Automatic,Front,04-May,Left wheel,Blue,4
12699,45809212,20561.0662,691,HONDA,FIT,2017,Hatchback,Yes,Petrol,1.3,79363,4.0,Automatic,Front,04-May,Left wheel,Black,4
12740,45812138,63699.309,1327,MAZDA,MAZDA 6,2018,Sedan,Yes,Petrol,2.5,53277,4.0,Automatic,Front,04-May,Left wheel,Grey,0
12746,43854197,51116.1722,-,SUZUKI,VITARA,2018,Jeep,No,Petrol,1.6,48600,4.0,Manual,4x4,04-May,Left wheel,White,6
12763,45802124,57989.5038,1249,HYUNDAI,H1,2017,Universal,Yes,Diesel,2.5,83138,4.0,Automatic,Front,04-May,Left wheel,Grey,4
12789,45730544,49838.55,831,SSANGYONG,ACTYON,2017,Jeep,Yes,Diesel,1.6,48064,4.0,Automatic,Front,04-May,Left wheel,Red,4
12805,45587504,47970.388,1202,HYUNDAI,SANTA FE,2017,Jeep,No,Petrol,2.4,49000,4.0,Tiptronic,Front,04-May,Left wheel,Silver,12
12843,45797213,25165.019800000002,831,HYUNDAI,ELANTRA,2017,Sedan,Yes,Diesel,1.6,40177,4.0,Automatic,Front,04-May,Left wheel,White,4
12914,45760738,59767.3922,1017,MERCEDES-BENZ,GLA 250,2017,Jeep,Yes,Petrol,2,55704,4.0,Automatic,4x4,04-May,Left wheel,Black,0
12941,45805988,60947.218,-,FORD,MUSTANG ECOBOOST,2017,Coupe,No,Petrol,2.3 Turbo,59805,4.0,Tiptronic,Rear,02-Mar,Left wheel,Black,12
12942,45733487,57954.3974,1017,HYUNDAI,SONATA,2017,Sedan,Yes,Petrol,2,78476,4.0,Automatic,Front,04-May,Left wheel,Black,4
12964,45654654,9437.3526,1714,MERCEDES-BENZ,GLE 350,2017,Jeep,Yes,Petrol,3.5,55403,6.0,Automatic,Rear,04-May,Left wheel,Black,0
12982,45769001,72742.9684,-,MERCEDES-BENZ,CLA 250,2018,Sedan,Yes,Petrol,2,44000,4.0,Automatic,Front,04-May,Left wheel,Black,10
12994,45803130,14549.0952,1017,HYUNDAI,SONATA,2017,Sedan,Yes,LPG,2,410807,4.0,Automatic,Front,04-May,Left wheel,Orange,4
13025,45730055,55441.7822,831,SSANGYONG,ACTYON,2017,Jeep,Yes,Diesel,1.6,60720,4.0,Automatic,Front,04-May,Left wheel,White,4
13062,45815308,12386.2902,1327,TOYOTA,CAMRY,2018,Sedan,Yes,Petrol,2.5,44845,4.0,Automatic,Front,04-May,Left wheel,Brown,12
13079,45648986,32636.414,1017,MERCEDES-BENZ,GLA 250,2017,Jeep,Yes,Petrol,2,44995,4.0,Automatic,4x4,04-May,Left wheel,Black,0
13092,45804843,51758.1178,1017,HYUNDAI,TUCSON,2017,Jeep,Yes,Diesel,2,137967,4.0,Automatic,Front,04-May,Left wheel,White,4
13129,45659697,33816.2398,1017,KIA,OPTIMA,2017,Sedan,Yes,Petrol,2,44800,4.0,Tiptronic,Front,04-May,Left wheel,Black,10
13233,45729931,48733.9522,831,SSANGYONG,ACTYON,2017,Jeep,Yes,Petrol,1.6,45691,4.0,Automatic,Front,04-May,Left wheel,White,4
13235,45804069,57100.5596,1017,HYUNDAI,TUCSON,2017,Jeep,Yes,Diesel,2,95251,4.0,Automatic,Front,04-May,Left wheel,Silver,4
13237,45751075,16710.6464,609,TOYOTA,RAV 4,2018,Sedan,Yes,Hybrid,2.5,73646,4.0,Automatic,4x4,04-May,Left wheel,Grey,12
13243,44888867,21036.256400000002,738,CHEVROLET,CRUZE LT,2017,Sedan,No,Petrol,1.4 Turbo,43107,4.0,Automatic,Front,04-May,Left wheel,Silver,8
13247,45729811,51313.0188,831,SSANGYONG,ACTYON,2017,Jeep,Yes,Petrol,1.6,45710,4.0,Automatic,Front,04-May,Left wheel,White,4
13263,45796759,55815.414600000004,1249,HYUNDAI,H1,2017,Universal,Yes,Diesel,2.5,97440,4.0,Automatic,Front,04-May,Left wheel,Grey,4
13288,45656545,14155.402,738,CHEVROLET,CRUZE,2017,Sedan,Yes,Petrol,1.4 Turbo,148800,4.0,Tiptronic,Front,04-May,Left wheel,Red,12
13291,45770001,28310.804,1017,MERCEDES-BENZ,E 300,2017,Sedan,Yes,Petrol,2,50930,4.0,Automatic,Rear,04-May,Left wheel,Black,12
13312,45809362,42375.9324,784,HONDA,FIT,2017,Hatchback,Yes,Petrol,1.5,75000,4.0,Automatic,Front,04-May,Left wheel,Black,4
13390,45731511,59200.6746,1249,HYUNDAI,H1,2017,Universal,Yes,Diesel,2.5,112523,4.0,Automatic,Front,04-May,Left wheel,Grey,4
13507,45762772,59767.3922,1017,MERCEDES-BENZ,GLA 250,2017,Jeep,Yes,Petrol,2,55704,4.0,Automatic,4x4,04-May,Left wheel,Black,0
13513,45786017,9829.792,-,NISSAN,TIIDA,2020,Hatchback,Yes,Petrol,1.5,116000,4.0,Automatic,Front,04-May,Right-hand drive,Silver,6
13518,45770356,28310.804,1017,MERCEDES-BENZ,E 300,2017,Sedan,Yes,Petrol,2,50930,4.0,Automatic,Rear,04-May,Left wheel,Black,12
13538,45788157,28310.804,784,CHEVROLET,MALIBU,2017,Sedan,No,Petrol,1.5 Turbo,96000,4.0,Tiptronic,Front,04-May,Left wheel,Silver,12
13559,45728447,77135.0298,1110,SSANGYONG,REXTON,2017,Jeep,Yes,Diesel,2.2,65689,4.0,Automatic,Front,04-May,Left wheel,Black,4
13583,45803084,46791.816,1017,HYUNDAI,SANTA FE,2017,Jeep,Yes,Diesel,2,73463,4.0,Automatic,Front,04-May,Left wheel,Grey,4
13621,45770102,47184.2554,1426,TOYOTA,LAND CRUISER PRADO,2018,Jeep,No,Petrol,2.7,177000,4.0,Automatic,4x4,04-May,Left wheel,Black,2
13651,45767026,21626.7962,738,CHEVROLET,CRUZE,2017,Sedan,No,Petrol,1.4 Turbo,65600,4.0,Tiptronic,Front,04-May,Left wheel,Black,14
13667,43740819,41286.3802,1017,CHEVROLET,CAMARO,2017,Coupe,No,Petrol,2,67200,4.0,Tiptronic,Rear,02-Mar,Left wheel,Blue,8
13825,45730314,39395.6498,831,SSANGYONG,ACTYON,2017,Jeep,Yes,Diesel,1.6,65249,4.0,Automatic,Front,04-May,Left wheel,White,4
13844,45755073,21233.103,1249,TOYOTA,CAMRY,2017,Sedan,Yes,Petrol,2.5,127955,4.0,Automatic,Front,04-May,Left wheel,Blue,12
13845,45803385,17301.1862,1017,HYUNDAI,SONATA,2017,Jeep,Yes,LPG,2,342961,4.0,Automatic,Front,04-May,Left wheel,Orange,4
13867,45797526,47664.4608,1249,HYUNDAI,H1,2017,Universal,Yes,Diesel,2.5,100900,4.0,Automatic,Front,04-May,Left wheel,Silver,4
13948,45808999,18595.1078,382,TOYOTA,AQUA,2017,Hatchback,Yes,Hybrid,1.5,154629,4.0,Automatic,Front,04-May,Left wheel,White,4
14050,45808915,36973.3082,831,CHEVROLET,AVEO,2017,Sedan,Yes,Petrol,1.6,47504,4.0,Automatic,Front,04-May,Left wheel,White,4
14054,45801317,47184.2554,402,KIA,NIRO,2017,Jeep,No,Hybrid,1.6 Turbo,65000,4.0,Automatic,4x4,04-May,Left wheel,White,12
14076,45642022,12189.4436,609,TOYOTA,CAMRY,2018,Sedan,Yes,Hybrid,2.5,127515,4.0,Automatic,Front,04-May,Left wheel,Black,12
14092,45808914,115067.495,1714,FORD,EXPLORER,2017,Jeep,Yes,Petrol,3.5,52029,4.0,Automatic,Front,04-May,Left wheel,White,4
14135,44826950,21626.7962,-,FORD,FIESTA,2017,Hatchback,No,Petrol,1.6,52000,4.0,Automatic,Front,04-May,Left wheel,Black,8
14173,45813654,30670.4556,505,BMW,530,2018,Sedan,Yes,Hybrid,2,45525,4.0,Automatic,Rear,04-May,Left wheel,Grey,12
14181,45808855,124677.872,1156,FORD,EXPLORER,2017,Jeep,Yes,Petrol,2.3,44643,4.0,Automatic,Front,04-May,Left wheel,Black,4
14189,45732560,66031.37700000001,1017,HYUNDAI,SANTA FE,2017,Jeep,Yes,Diesel,2,113195,4.0,Automatic,Front,04-May,Left wheel,Blue,4
14208,45792189,18677.8586,1249,TOYOTA,RAV 4,2017,Jeep,Yes,Petrol,2.5,56893,4.0,Automatic,Front,04-May,Left wheel,Red,12
14229,45805908,62913.176400000004,1714,TOYOTA,SIENNA,2017,Minivan,No,Petrol,3.5,75000,6.0,Automatic,Front,04-May,Left wheel,Golden,0
14232,45768943,16710.6464,1481,AUDI,Q7,2017,Sedan,Yes,Petrol,3,44642,6.0,Automatic,4x4,04-May,Left wheel,Black,0
14273,45786062,35106.4,1017,BMW,520 D XDRIVE LUXURY,2017,Sedan,Yes,Diesel,2,48578,4.0,Automatic,Front,>5,Left wheel,Sky blue,12
14278,45797465,25951.1524,831,HYUNDAI,ELANTRA,2017,Sedan,Yes,LPG,1.6,120000,4.0,Automatic,Front,04-May,Left wheel,Silver,4
14312,45769999,70383.3168,1017,MERCEDES-BENZ,E 300,2017,Sedan,Yes,Petrol,2,50963,4.0,Automatic,Rear,04-May,Left wheel,Black,12
14323,45804620,49181.5588,1017,HYUNDAI,TUCSON,2017,Jeep,Yes,Diesel,2,133808,4.0,Automatic,Front,04-May,Left wheel,Silver,4
14391,45804135,56684.298,1017,HYUNDAI,TUCSON,2017,Jeep,Yes,Diesel,2,63433,4.0,Automatic,Front,04-May,Left wheel,Silver,4
14396,45700457,15924.5138,-,KIA,PICANTO,2017,Sedan,No,Petrol,1.2,78000,4.0,Manual,Front,04-May,Left wheel,Silver,4
14476,41505994,36568.3308,-,SUBARU,IMPREZA SPORT,2018,Hatchback,No,Petrol,2,42000,4.0,Manual,4x4,04-May,Left wheel,Red,6
14484,45810889,15335.2278,1017,CHEVROLET,CAMARO,2017,Coupe,Yes,Petrol,2,73842,4.0,Automatic,Rear,02-Mar,Left wheel,Red,12
14589,45803582,17301.1862,1017,HYUNDAI,SONATA,2017,Sedan,Yes,LPG,2,470507,4.0,Automatic,Front,04-May,Left wheel,Orange,4
14704,45751259,16710.6464,609,TOYOTA,RAV 4,2018,Sedan,Yes,Hybrid,2.5,73646,4.0,Automatic,4x4,04-May,Left wheel,Grey,12
14734,45730005,47624.3392,831,SSANGYONG,ACTYON,2017,Jeep,Yes,Diesel,1.6,82000,4.0,Automatic,Front,04-May,Left wheel,Green,4
14764,45810381,26825.051,1017,CHEVROLET,ORLANDO,2017,Jeep,Yes,LPG,2,204067,4.0,Automatic,Front,04-May,Left wheel,Grey,4
14819,45803078,55850.521,1017,HYUNDAI,SANTA FE,2017,Jeep,Yes,Diesel,2,101633,4.0,Automatic,Front,04-May,Left wheel,Silver,4
14921,45730652,54081.4092,831,SSANGYONG,ACTYON,2017,Jeep,Yes,Diesel,1.6,60660,4.0,Automatic,Front,04-May,Left wheel,White,4
14928,45809523,25542.4136,691,HONDA,FIT,2017,Hatchback,Yes,Petrol,1.3,100940,4.0,Automatic,Front,04-May,Left wheel,Silver,4
14977,45363317,20053.2772,1017,HYUNDAI,ELANTRA,2017,Sedan,No,Petrol,2,70795,4.0,Automatic,Front,04-May,Left wheel,White,12
15043,45797477,58827.0422,1327,HYUNDAI,H1,2018,Universal,Yes,Diesel,2.5,71689,4.0,Automatic,Front,04-May,Left wheel,Grey,4
15127,45802811,72597.5276,1079,HYUNDAI,SANTA FE,2018,Jeep,Yes,Diesel,2,66790,4.0,Automatic,Front,04-May,Left wheel,Black,4
15174,45619724,57407.740600000005,1017,MERCEDES-BENZ,GLA 250,2017,Jeep,Yes,Petrol,2,44995,4.0,Automatic,4x4,04-May,Left wheel,Black,0
15187,45022972,80055.13,1327,TOYOTA,CAMRY,2018,Sedan,Yes,Petrol,2.5,43381,4.0,Tiptronic,Front,04-May,Left wheel,White,12
15256,45729736,53527.2296,880,SSANGYONG,ACTYON,2018,Jeep,Yes,Diesel,1.6,45494,4.0,Automatic,Front,04-May,Left wheel,White,4
15276,45797474,56967.656800000004,1327,HYUNDAI,H1,2018,Universal,Yes,Diesel,2.5,45535,4.0,Automatic,Front,04-May,Left wheel,Silver,4
15283,45069516,314169.6812,1481,MERCEDES-BENZ,GLE 400,2017,Jeep,Yes,Petrol,3.0 Turbo,81600,6.0,Tiptronic,4x4,04-May,Left wheel,Black,12
15304,45730178,50267.3496,831,SSANGYONG,ACTYON,2017,Jeep,Yes,Diesel,1.6,50518,4.0,Automatic,Front,04-May,Left wheel,Blue,4
15454,45802283,59200.6746,1249,HYUNDAI,H1,2017,Universal,Yes,Diesel,2.5,112523,4.0,Automatic,Front,04-May,Left wheel,Grey,4
15469,45803058,65645.2066,1017,HYUNDAI,SANTA FE,2017,Jeep,Yes,Diesel,2,70800,4.0,Automatic,Front,04-May,Left wheel,Silver,4
15473,45803581,17301.1862,1017,HYUNDAI,SONATA,2017,Sedan,Yes,LPG,2,305023,4.0,Automatic,Front,04-May,Left wheel,Orange,4
15534,45729907,33893.9754,831,HYUNDAI,ELANTRA,2017,Sedan,Yes,LPG,1.6,137929,4.0,Automatic,Front,04-May,Left wheel,White,4
15554,45812701,14744.688,781,CHEVROLET,CRUZE,2018,Sedan,Yes,Petrol,1.4,43658,4.0,Automatic,Front,04-May,Left wheel,Grey,12
15594,45760699,12386.2902,382,CHEVROLET,VOLT,2017,Hatchback,Yes,Hybrid,1.5,115658,4.0,Automatic,Front,04-May,Left wheel,Black,12
15609,45651139,22019.2356,1017,MERCEDES-BENZ,GLA 250,2017,Jeep,Yes,Petrol,2,109608,4.0,Automatic,Front,04-May,Left wheel,White,0
15697,45804043,60851.9292,877,HYUNDAI,TUCSON,2017,Jeep,Yes,Diesel,1.7,45331,4.0,Automatic,Front,04-May,Left wheel,Blue,4
15744,45805179,45222.0584,1017,HYUNDAI,TUCSON,2017,Jeep,Yes,Diesel,2,140004,4.0,Automatic,Front,04-May,Left wheel,Blue,4
15820,45728393,73446.3502,1110,SSANGYONG,REXTON,2017,Jeep,Yes,Diesel,2.2,58113,4.0,Automatic,Front,04-May,Left wheel,White,4
15835,45802968,78180.69900000001,1017,HYUNDAI,SANTA FE,2017,Jeep,Yes,Diesel,2,75000,4.0,Automatic,Front,04-May,Left wheel,White,4
15847,45638806,58587.5664,1327,TOYOTA,RAV 4,2018,Jeep,Yes,Petrol,2.5,51200,4.0,Automatic,4x4,04-May,Left wheel,Black,12
15849,45771067,70383.3168,1017,MERCEDES-BENZ,E 300,2017,Sedan,Yes,Petrol,2,50963,4.0,Automatic,Rear,04-May,Left wheel,Black,12
15869,45760280,54655.649600000004,-,NISSAN,ROGUE SPORT,2018,Jeep,Yes,Petrol,2,70000,4.0,Tiptronic,4x4,04-May,Left wheel,Grey,12
15872,45803057,64187.0372,1017,HYUNDAI,SANTA FE,2017,Jeep,Yes,Diesel,2,114000,4.0,Automatic,Front,04-May,Left wheel,Grey,4
15912,45730344,44647.818,831,SSANGYONG,ACTYON,2017,Jeep,Yes,Petrol,1.6,71402,4.0,Automatic,Front,04-May,Left wheel,Silver,4
15945,45775768,27327.824800000002,1249,TOYOTA,CAMRY,2017,Sedan,Yes,Petrol,2.5,48000,4.0,Tiptronic,Front,04-May,Left wheel,Black,8
15951,45798231,42096.335,880,HYUNDAI,ELANTRA,2018,Sedan,Yes,Petrol,1.6,65734,4.0,Automatic,Front,04-May,Left wheel,Blue,4
16026,45790315,17553.2,-,KIA,PICANTO,2017,Sedan,No,Petrol,1.2,46000,4.0,Manual,Front,04-May,Left wheel,Silver,4
16028,45650070,12189.4436,609,TOYOTA,CAMRY,2018,Sedan,Yes,Hybrid,2.5,127515,4.0,Automatic,Front,04-May,Left wheel,Black,12
16091,45764514,32636.414,382,CHEVROLET,VOLT,2017,Hatchback,Yes,Hybrid,1.5,52062,4.0,Automatic,Front,04-May,Left wheel,Blue,0
16131,45802291,56967.656800000004,1327,HYUNDAI,H1,2018,Universal,Yes,Diesel,2.5,45535,4.0,Automatic,Front,04-May,Left wheel,Silver,4
16165,43159373,22609.775400000002,738,CHEVROLET,CRUZE LT,2017,Sedan,No,Petrol,1.4 Turbo,49439,4.0,Automatic,Front,04-May,Left wheel,Grey,6
16171,45770646,35388.505,1327,TOYOTA,CAMRY,2018,Sedan,No,Petrol,2.5,142000,4.0,Tiptronic,Front,04-May,Left wheel,White,12
16190,45805942,47184.2554,579,TOYOTA,AVALON,2017,Sedan,Yes,Hybrid,2.5,91000,4.0,Tiptronic,Rear,04-May,Left wheel,Black,12
16250,44995718,55048.089,1202,HYUNDAI,SANTA FE SPORT,2017,Jeep,No,Petrol,2.4,72000,4.0,Tiptronic,4x4,04-May,Left wheel,Black,12
16278,45647839,12189.4436,609,TOYOTA,CAMRY,2018,Sedan,Yes,Hybrid,2.5,127515,4.0,Automatic,Front,04-May,Left wheel,Black,12
16346,45802323,46173.6926,1249,HYUNDAI,H1,2017,Universal,Yes,Diesel,2.5,137000,4.0,Automatic,Front,04-May,Left wheel,White,4
16420,45808453,20446.970400000002,1079,KIA,AVELLA,2018,Sedan,Yes,Petrol,2,56288,4.0,Automatic,Rear,04-May,Left wheel,Silver,12
16433,45807491,23985.194,1714,MERCEDES-BENZ,GLE 350,2017,Jeep,Yes,Petrol,3.5,75914,6.0,Automatic,4x4,04-May,Left wheel,Silver,12
16459,45213616,25558.713,738,CHEVROLET,CRUZE,2017,Sedan,No,Petrol,1.4,64000,4.0,Tiptronic,Front,04-May,Left wheel,White,12
16509,45731532,55107.0176,1249,HYUNDAI,H1,2017,Universal,Yes,Diesel,2.5,111643,4.0,Automatic,Front,04-May,Left wheel,Grey,4
16515,45804817,38506.7056,877,HYUNDAI,TUCSON,2017,Jeep,Yes,Diesel,1.7,50380,4.0,Automatic,Front,04-May,Left wheel,White,4
16519,45649425,110333.1462,1714,MERCEDES-BENZ,GLE 350,2017,Jeep,Yes,Petrol,3.5,40000,6.0,Tiptronic,4x4,04-May,Left wheel,Grey,12
16528,45807121,14155.402,1714,MERCEDES-BENZ,GLE 350,2017,Jeep,Yes,Petrol,3.5,52675,6.0,Automatic,Rear,04-May,Left wheel,Blue,12
16553,45809050,18595.1078,382,TOYOTA,AQUA,2017,Hatchback,Yes,Hybrid,1.5,181474,4.0,Automatic,Front,04-May,Left wheel,White,4
16570,45802603,65240.2292,1017,HYUNDAI,SANTA FE,2017,Jeep,Yes,Diesel,2,82413,4.0,Automatic,Front,04-May,Left wheel,Grey,4
16573,45730029,55107.0176,880,SSANGYONG,ACTYON,2018,Jeep,Yes,Diesel,1.6,73548,4.0,Automatic,Front,04-May,Left wheel,White,4
16599,45730339,50267.3496,831,SSANGYONG,ACTYON,2017,Jeep,Yes,Diesel,1.6,52516,4.0,Automatic,Front,04-May,Left wheel,Red,4
16613,44375582,32242.7208,1017,VOLKSWAGEN,JETTA,2017,Sedan,Yes,Petrol,2.0 Turbo,131200,4.0,Tiptronic,Front,04-May,Left wheel,Grey,10
16635,45733630,69389.0534,1079,HYUNDAI,SONATA,2018,Sedan,Yes,Petrol,2,42563,4.0,Automatic,Front,04-May,Left wheel,White,4
16691,45651217,49150.2138,1714,MERCEDES-BENZ,GLE 350,2017,Jeep,Yes,Petrol,3.5,95541,6.0,Automatic,Rear,04-May,Left wheel,Black,0
16698,45781867,85324.8514,-,TOYOTA,CAMRY,2018,Sedan,Yes,Petrol,2.5,40000,4.0,Tiptronic,Front,04-May,Left wheel,Black,12
16731,45810992,41680.0734,2225,LEXUS,GX 460,2017,Jeep,Yes,Petrol,4.6,69918,8.0,Automatic,4x4,04-May,Left wheel,White,12
16737,45769683,32636.414,382,CHEVROLET,VOLT,2017,Hatchback,Yes,Hybrid,1.5,52062,4.0,Automatic,Front,04-May,Left wheel,Blue,0
16741,45801504,32259.0202,831,HYUNDAI,ELANTRA,2017,Sedan,Yes,Petrol,1.6,56378,4.0,Automatic,Front,04-May,Left wheel,Silver,4
16750,45804416,52932.928400000004,1017,HYUNDAI,TUCSON,2017,Jeep,Yes,Diesel,2,89736,4.0,Automatic,Front,04-May,Left wheel,Silver,4
16838,45804799,66644.4852,930,HYUNDAI,TUCSON,2018,Jeep,Yes,Diesel,1.7,79550,4.0,Automatic,Front,04-May,Left wheel,White,4
16885,45757335,9437.3526,2913,DODGE,RAMCHARGER,2018,Sedan,Yes,Petrol,5.7,91843,8.0,Automatic,Rear,04-May,Left wheel,Black,12
16902,45262565,27327.824800000002,1249,TOYOTA,CAMRY SE,2017,Sedan,Yes,Petrol,2.5,46096,4.0,Automatic,Front,04-May,Left wheel,Black,8
16929,44298058,20643.817,1017,HYUNDAI,ELANTRA SE,2017,Sedan,No,Petrol,2,69232,4.0,Automatic,Front,04-May,Left wheel,Grey,8
16930,45760752,53475.8238,1017,MERCEDES-BENZ,GLA 250,2017,Jeep,Yes,Petrol,2,44995,4.0,Automatic,4x4,04-May,Left wheel,Black,0
16933,45144842,26738.538800000002,831,KIA,OPTIMA,2017,Sedan,Yes,Petrol,1.6 Turbo,76000,4.0,Automatic,Front,04-May,Left wheel,White,12
16940,45803716,46028.2518,877,HYUNDAI,TUCSON,2017,Jeep,Yes,Diesel,1.7,90000,4.0,Automatic,Front,04-May,Left wheel,Silver,4
16952,45798219,42096.335,880,HYUNDAI,ELANTRA,2018,Sedan,Yes,Petrol,1.6,53871,4.0,Automatic,Front,04-May,Left wheel,White,4
17023,45733578,78979.3696,1079,HYUNDAI,SONATA,2018,Sedan,Yes,Petrol,2,72913,4.0,Automatic,Front,04-May,Left wheel,Black,4
17044,45649074,9437.3526,1714,MERCEDES-BENZ,GLE 350,2017,Jeep,Yes,Petrol,3.5,55403,6.0,Automatic,Rear,04-May,Left wheel,Black,0
17057,45811787,41286.3802,1249,TOYOTA,CAMRY,2017,Sedan,Yes,Petrol,2.5,82000,4.0,Tiptronic,Front,04-May,Left wheel,Silver,0
17096,45804929,59180.6138,930,HYUNDAI,TUCSON,2018,Jeep,Yes,Diesel,1.7,85610,4.0,Automatic,Front,04-May,Left wheel,White,4
17099,44855851,40500.2476,1249,TOYOTA,CAMRY,2017,Sedan,Yes,Petrol,2.5,48600,4.0,Tiptronic,Front,04-May,Left wheel,Black,12
17197,45801902,39596.2578,880,HYUNDAI,ELANTRA,2018,Sedan,Yes,Petrol,1.6,52000,4.0,Automatic,Front,04-May,Left wheel,Red,4
17203,45779788,15727.6672,1017,FORD,FOCUS,2017,Hatchback,No,Petrol,2,68188,4.0,Automatic,Front,04-May,Left wheel,Red,12
17211,45793450,23592.7546,738,VOLKSWAGEN,JETTA,2017,Sedan,No,Petrol,1.4 Turbo,99302,4.0,Manual,Front,04-May,Left wheel,White,6
17237,45772929,70383.3168,1017,MERCEDES-BENZ,E 300,2017,Sedan,Yes,Petrol,2,50963,4.0,Automatic,Rear,04-May,Left wheel,Black,12
17286,45801893,42721.9812,880,HYUNDAI,ELANTRA,2018,Sedan,Yes,Petrol,1.6,58515,4.0,Automatic,Front,04-May,Left wheel,White,4
17295,45815436,23592.7546,1714,LEXUS,IS 300,2017,Sedan,Yes,Petrol,3.5,62811,6.0,Automatic,4x4,04-May,Left wheel,White,12
17356,45810622,20631.279,552,CHEVROLET,SPARK,2017,Hatchback,Yes,Petrol,1,98614,4.0,Automatic,Front,04-May,Left wheel,Silver,4
17381,45800575,13761.7088,738,VOLKSWAGEN,JETTA S,2017,Sedan,No,Petrol,1.4 Turbo,41000,4.0,Automatic,Front,04-May,Left wheel,Black,4
17396,45772071,70383.3168,1017,MERCEDES-BENZ,E 300,2017,Sedan,Yes,Petrol,2,50963,4.0,Automatic,Rear,04-May,Left wheel,Black,12
17399,45663930,19856.4306,784,CHEVROLET,MALIBU LT,2017,Sedan,No,Petrol,1.5 Turbo,84782,4.0,Automatic,Front,04-May,Left wheel,White,8
17414,45813936,20053.2772,2070,MERCEDES-BENZ,S 63 AMG,2018,Hatchback,Yes,Petrol,4,40110,8.0,Automatic,4x4,04-May,Left wheel,White,12
17415,45771137,14549.0952,1760,DODGE,CHALLENGER,2017,Sedan,Yes,Petrol,3.6,240680,6.0,Automatic,Rear,04-May,Left wheel,Grey,12
17438,45770007,59767.3922,1017,MERCEDES-BENZ,GLA 250,2017,Jeep,Yes,Petrol,2,55704,4.0,Automatic,4x4,04-May,Left wheel,Black,0
17448,45808890,32982.4628,831,CHEVROLET,AVEO,2017,Sedan,Yes,Petrol,1.6,49659,4.0,Automatic,Front,04-May,Left wheel,White,4
17500,44922745,26738.538800000002,784,FORD,FUSION SE,2017,Sedan,Yes,Petrol,1.5,53116,4.0,Automatic,Front,04-May,Left wheel,Blue,8
17502,45730066,51758.1178,831,SSANGYONG,ACTYON,2017,Jeep,Yes,Diesel,1.6,64416,4.0,Automatic,Front,04-May,Left wheel,Blue,4
17504,45802562,62519.4832,1017,HYUNDAI,SANTA FE,2017,Jeep,Yes,Diesel,2,97992,4.0,Automatic,Front,04-May,Left wheel,Black,4
17512,45762801,53475.8238,1017,MERCEDES-BENZ,GLA 250,2017,Jeep,Yes,Petrol,2,44995,4.0,Automatic,4x4,04-May,Left wheel,Black,0
17537,44896720,53082.130600000004,579,TOYOTA,AVALON LIMITED,2017,Sedan,Yes,Hybrid,2.5,57200,4.0,Tiptronic,Front,04-May,Left wheel,Carnelian red,12
17589,45731795,52787.4876,1249,HYUNDAI,H1,2017,Universal,Yes,Diesel,2.5,110000,4.0,Automatic,Front,04-May,Left wheel,Grey,4
17610,45751976,25165.019800000002,-,VOLKSWAGEN,JETTA,2017,Sedan,No,Petrol,1.4 Turbo,55000,4.0,Tiptronic,Front,04-May,Left wheel,Black,10
17618,45773001,53475.8238,1017,MERCEDES-BENZ,GLA 250,2017,Jeep,Yes,Petrol,2,44995,4.0,Automatic,4x4,04-May,Left wheel,Black,0
17656,45816496,26344.8456,1017,FORD,FOCUS,2017,Hatchback,No,Petrol,2,75200,4.0,Tiptronic,Front,04-May,Left wheel,Silver,8
17667,45787184,39320.421800000004,-,TOYOTA,PRIUS,2017,Sedan,No,Hybrid,1.8,80000,4.0,Automatic,Front,04-May,Left wheel,Grey,12
17684,45733410,62712.568400000004,1017,HYUNDAI,SONATA,2017,Sedan,Yes,Petrol,2,54930,4.0,Automatic,Front,04-May,Left wheel,White,4
17698,45797460,55846.7596,1249,HYUNDAI,H1,2017,Universal,Yes,Diesel,2.5,100856,4.0,Automatic,Front,04-May,Left wheel,Silver,4
17701,45803212,21233.103,1017,HYUNDAI,SONATA,2017,Sedan,Yes,LPG,2,227911,4.0,Automatic,Front,04-May,Left wheel,White,4
17763,45785531,55048.089,1249,TOYOTA,RAV 4,2017,Jeep,No,Petrol,2.5,63000,4.0,Automatic,4x4,04-May,Left wheel,Silver,12
17782,45030438,18284.1654,831,HYUNDAI,ACCENT SE,2017,Hatchback,No,Petrol,1.6,43488,4.0,Automatic,Front,04-May,Left wheel,Black,6
17787,45804090,56268.036400000005,1017,HYUNDAI,TUCSON,2017,Jeep,Yes,Diesel,2,63478,4.0,Automatic,Front,04-May,Left wheel,Silver,4
17819,45810396,33343.5572,1079,CHEVROLET,ORLANDO,2018,Jeep,Yes,LPG,2,140070,4.0,Automatic,Front,04-May,Left wheel,Grey,4
17862,45810229,26344.8456,738,CHEVROLET,CRUZE,2017,Hatchback,No,Petrol,1.4 Turbo,66000,4.0,Tiptronic,Front,04-May,Left wheel,Silver,8
17932,45729574,36478.0572,831,HYUNDAI,ELANTRA,2017,Sedan,Yes,Petrol,1.6,84000,4.0,Automatic,Front,04-May,Left wheel,White,4
17962,45474920,170516.80000000002,1575,MERCEDES-BENZ,GLE 400,2018,Jeep,Yes,Petrol,3.0 Turbo,99000,6.0,Tiptronic,4x4,04-May,Left wheel,White,10
18006,45805016,53082.130600000004,1017,HYUNDAI,TUCSON,2017,Jeep,Yes,Diesel,2,49697,4.0,Automatic,Front,04-May,Left wheel,Grey,4
18064,45730131,48371.604,831,SSANGYONG,ACTYON,2017,Jeep,Yes,Diesel,1.6,97709,4.0,Automatic,Front,04-May,Left wheel,White,4
18090,45730886,54265.7178,831,SSANGYONG,ACTYON,2017,Jeep,Yes,Diesel,1.6,61506,4.0,Automatic,Front,04-May,Left wheel,White,4
18109,45652353,12975.5762,924,VOLKSWAGEN,PASSAT,2017,Sedan,Yes,Petrol,1.8,67120,4.0,Automatic,Front,04-May,Left wheel,Blue,12
18169,45803131,14549.0952,1017,HYUNDAI,SONATA,2017,Sedan,Yes,LPG,2,324605,4.0,Automatic,Front,04-May,Left wheel,Orange,4
18231,45183554,165145.5208,-,TOYOTA,LAND CRUISER,2018,Jeep,Yes,Diesel,3.0 Turbo,59826,4.0,Automatic,4x4,04-May,Left wheel,Black,12
18264,45642477,12189.4436,609,TOYOTA,CAMRY,2018,Sedan,Yes,Hybrid,2.5,127515,4.0,Automatic,Front,04-May,Left wheel,Black,12
18314,45791916,17301.1862,1249,TOYOTA,CAMRY,2017,Sedan,Yes,Petrol,2.5,63837,4.0,Automatic,Front,04-May,Left wheel,Grey,12
18389,45789948,100267.6398,1178,KIA,SORENTO,2018,Jeep,Yes,Diesel,2.2,47047,4.0,Automatic,Front,04-May,Left wheel,White,4
18400,45793058,90436.594,-,TOYOTA,CAMRY,2018,Sedan,Yes,Hybrid,2.5,52000,4.0,Tiptronic,Front,04-May,Left wheel,Grey,10
18449,45802819,66977.996,1017,HYUNDAI,SANTA FE,2017,Jeep,Yes,Diesel,2,78121,4.0,Automatic,Front,04-May,Left wheel,Silver,4
18450,45805176,43677.3768,877,HYUNDAI,TUCSON,2017,Jeep,Yes,Diesel,1.7,100628,4.0,Automatic,Front,04-May,Left wheel,Grey,4
18481,45811303,16515.0536,382,CHEVROLET,VOLT,2017,Hatchback,Yes,Hybrid,1.5,77222,4.0,Automatic,Front,04-May,Left wheel,Silver,12
18498,45797450,59200.6746,1249,HYUNDAI,H1,2017,Universal,Yes,Diesel,2.5,112523,4.0,Automatic,Front,04-May,Left wheel,Grey,4
18528,45651213,9437.3526,1714,MERCEDES-BENZ,GLE 350,2017,Jeep,Yes,Petrol,3.5,55403,6.0,Automatic,Rear,04-May,Left wheel,Black,0
18551,45803805,47841.2466,1017,HYUNDAI,TUCSON,2017,Jeep,Yes,Diesel,2,80000,4.0,Automatic,Front,04-May,Left wheel,Grey,4
18583,45758690,21822.389,738,CHEVROLET,CRUZE,2017,Sedan,No,Petrol,1.4 Turbo,44800,4.0,Automatic,Front,04-May,Left wheel,Silver,12
18593,45797490,54734.639,1249,HYUNDAI,H1,2017,Universal,Yes,Diesel,2.5,96117,4.0,Automatic,Front,04-May,Left wheel,Silver,4
18627,45798101,90436.594,-,MERCEDES-BENZ,C 300,2017,Sedan,Yes,Petrol,2.0 Turbo,56800,6.0,Tiptronic,Rear,04-May,Left wheel,Black,12
18655,45805181,45639.5738,1017,HYUNDAI,TUCSON,2017,Jeep,Yes,Diesel,2,149608,4.0,Automatic,Front,04-May,Left wheel,Grey,4
18681,45798221,42721.9812,880,HYUNDAI,ELANTRA,2018,Sedan,Yes,Petrol,1.6,58515,4.0,Automatic,Front,04-May,Left wheel,White,4
18693,45809605,38749.942800000004,691,HONDA,FIT,2017,Hatchback,Yes,Petrol,1.3,67000,4.0,Automatic,Front,04-May,Left wheel,Black,4
18706,45731546,54734.639,1249,HYUNDAI,H1,2017,Universal,Yes,Diesel,2.5,96117,4.0,Automatic,Front,04-May,Left wheel,Silver,4
18721,45716741,79426.9762,1325,MAZDA,CX-5,2019,Jeep,Yes,Petrol,2.5,56590,4.0,Automatic,4x4,04-May,Left wheel,Grey,12
18765,45640815,12189.4436,609,TOYOTA,CAMRY,2018,Sedan,Yes,Hybrid,2.5,127515,4.0,Automatic,Front,04-May,Left wheel,Black,12
18812,45730038,55107.0176,831,SSANGYONG,ACTYON,2017,Jeep,Yes,Petrol,1.6,51671,4.0,Automatic,Front,04-May,Left wheel,White,4
18833,45730470,51313.0188,831,SSANGYONG,ACTYON,2017,Jeep,Yes,Petrol,1.6,116074,4.0,Automatic,Front,04-May,Left wheel,White,4
18958,45814305,41286.3802,1249,TOYOTA,CAMRY,2017,Sedan,Yes,Petrol,2.5,72000,6.0,Tiptronic,Front,04-May,Left wheel,Black,8
19014,45803134,15335.2278,1079,HYUNDAI,SONATA,2018,Sedan,Yes,LPG,2,316200,4.0,Automatic,Front,04-May,Left wheel,Orange,4
19017,45804656,64037.835,1017,HYUNDAI,TUCSON,2017,Jeep,Yes,Diesel,2,85540,4.0,Automatic,Front,04-May,Left wheel,Black,4
19024,45586377,49543.907,1202,HYUNDAI,SANTA FE,2017,Jeep,No,Petrol,2.4,62400,4.0,Tiptronic,4x4,04-May,Left wheel,Silver,12
19060,45815917,10420.3318,1202,HYUNDAI,SANTA FE,2017,Jeep,Yes,Petrol,2.4,91782,4.0,Automatic,Front,04-May,Left wheel,Orange,12
19062,45797520,64485.4416,1327,TOYOTA,CAMRY,2018,Sedan,Yes,Petrol,2.5,62400,4.0,Tiptronic,Front,04-May,Left wheel,White,11
19136,45731793,52422.6318,1249,HYUNDAI,H1,2017,Universal,Yes,Diesel,2.5,146644,4.0,Automatic,Front,04-May,Left wheel,Black,4
19138,45796059,19660.8378,738,CHEVROLET,CRUZE,2017,Sedan,Yes,Petrol,1.4,107637,4.0,Automatic,Front,04-May,Left wheel,Black,0
19144,45733642,71233.3932,1017,HYUNDAI,SONATA,2017,Sedan,Yes,Petrol,2,67365,4.0,Automatic,Front,04-May,Left wheel,Black,4
19152,45805163,47931.5202,877,HYUNDAI,TUCSON,2017,Jeep,Yes,Diesel,1.7,71991,4.0,Automatic,Front,04-May,Left wheel,Silver,4
19182,45648824,12189.4436,609,TOYOTA,CAMRY,2018,Sedan,Yes,Hybrid,2.5,127515,4.0,Automatic,Front,04-May,Left wheel,Black,12
19188,45571892,76674.8852,579,TOYOTA,RAV 4,2017,Jeep,No,Hybrid,2.5,71234,4.0,Tiptronic,4x4,04-May,Left wheel,White,12
